1683|M|Abenese Hoshi of Kitai|JBT d 09|...|CFA 6662-000013 V112||
3047|F|Akumaizer's Barafu Neko|JBT f|...|CFA 6647-152789 V0785|3051|3048
3048|F|Akumaizer's Hihana|JBT f|...|CFA 6647-083437 V1281||
3049|F|Akumaizer's Kiku|JBT f|...|CFA 6647-000021 V112||
3050|M|Akumaizer's Ofa Neko|JBT d 22|...|CFA 6640-152788 V0785|148979|3049
3051|M|Akumaizer's Shogun|JBT n 22|...|CFA 6644-083438 V0482||
5146|F|Anfisa|NEM n 21|...|Missing Info (040)||
5823|F|Anthany's Rap Saidai of Cacin|JBT n 09|02-08-1998|CFA 6661-516165 V0290||
9666|F|Barselona iz Odissei|NEM f 21|...|PEC-0024/SIB/2004||
9877|M|Bassetti's Ando of Benhana|JBT n 09|08-06-2003|CFA 6660-1448585 V0705|9884|9903
9879|F|Bassetti's Bunji|JBT n 09|...|CFA 6661-260133 V0686|19908|187601
9880|F|Bassetti's Fujiko|JBT f 09|07-05-1998|CFA 6649-1204462 V0999|9884|9901
9881|M|Bassetti's Honto|JBT n 09|08-04-1991|FD LO 65814|9897|19909
9883|F|Bassetti's Jazu|JBT f 09|26-09-1995|CFA 6649-1027705 V0197|9897|138931
9884|M|Bassetti's Kenichi, DM|JBT n 09|07-05-1995|CFA 6660-1001603 V0996|140687|143497
9885|F|Bassetti's Kimi of Benhana|JBT f 09|11-03-2003|CFA 6649-1442958 V0705|9884|9886
9886|F|Bassetti's Kimiko|JBT d 09|07-05-2000|CFA 6663-1320824 V0102|9896|9880
9887|F|Bassetti's Kisu|JBT f 09|...|CFA 6649-337865 V0287|9897|187602
9888|F|Bassetti's Kitsui|JBT f|08-05-1988|FD LO 71737|140836|9902
9889|F|Bassetti's Mimidzuku|JBT d 09|11-04-1988|FD LO 70729|9897|9904
9892|M|Bassetti's Nemui Ryu|JBT n 09|...|SRK LO 17596|9897|166190
9893|M|Bassetti's Onajikoto Kin, DM|JBT d 09|05-06-1993|CFA 6662-860948 V0895||
9894|F|Bassetti's Oshima of Benhana, DM|JBT n 09|...|CFA 6649-1304804|9884|9903
9895|F|Bassetti's Poketto Kin of Nekomo|JBT f 09|13-01-1999|CFA 6649-1245859 V0202||
9896|M|Bassetti's Saisho Junia, DM|JBT d 09|05-07-1991|CFA 6690-726076 V1292|9897|137903
9897|M|Bassetti's Saisho, DM|JBT d 09|...|Kat ID: 168288|128179|128176
9898||Bassetti's Saisho, DM|JBT d 01|04-07-1984|Kat ID: 283083||
9899|M|Bassetti's Sashitaru|JBT n 09|15-08-1991|CFA 6660-737416||
9900|M|Bassetti's Seiko Saki of Kiddlyn|JBT d 09|...|CFA 6662-354566 V1087||
9901|F|Bassetti's Shimi Ten|JBT f 09|17-03-1996|CFA 6649-1060173 V0697||
9902|F|Bassetti's Suki|JBT d 09 22|...|CFA 6691-417570 V0588|9897|9887
9903|F|Bassetti's Tokubetsu, DM|JBT f 09|15-11-1997|CFA 6649-1178045 V0799|166188|9883
9904|F|Bassetti's Zuzushii of Maricho|JBT f 09|...|CFA 6649-382503 V0488|9897|9879
11093|F|Benhana Fujiko|JBT f 01|16-10-2005|FD LO 139921|9877|9885
11094|M|Benhana Hideki|JBT d 09|06-06-2006|FD LO 153638|9877|11095
11095|F|Benhana Keiko|JBT f 09|...|CFA 6649-1510121|148487|9894
11347|M|Berrycurl Teddiebear|SRS non n 33|...|CFA 4972-1470743|159391|159395
11348|M|Berrycurls Bear Necessities|SRL non es 03|...|CFA 5716-1470629|159391|159395
11349|F|Berrycurl's Coat- Of-Many-Colors|SRL non f|...|CFA 5747-1470630|159391|159395
11350|F|Berrycurl's Parfait Of Purrfectcurl|SRL non ds 03|...|CFA 5761-1517103|11348|190737
11739|F|Big Panthers Lola of Lykken|SRS non gs|...|AOP 093008|120072|11742
11742|F|Big Panther's Top Secret|SRS a 03|...|IRCC 10381|22328|181826
11761|F|Biggi v. Aurachgrund|SRS non h|...|WCF DE 63059 RIEX|118449|127289
14202|M|Boncuk af Misapotanien|SRL non c 09|03-05-2010|(DK)FD LO 158719|184660|187923
16257|M|Cacin Shinobi of Kiddlyn|JBT n|10-04-1991|CFA 6808-707161 V0395|16256|5823
16258|M|Cacin's Tokidoki of Fujicats|JBT n 09|06-07-1999|CFA 6660-1270861 V0301||
16412|M|Calicurl Blue Curly Bear|SRL non a|29-01-2007|FD RX 153646|16414|16419
16413|M|Calicurl Sugar Candymoon|SRS non n|18-03-2007|FD RX 153650|16415|16418
16414|M|Calicurl's Casper|SRL non n|...|CFA 5708-1542109|16417|16420
16415|M|Calicurl's Dexter|SRS non d 03|...|CFA 4760-1542108|16416|11350
16416|M|Calicurl's Igor Of PurrFectcurl|SRS non d|...|CFA 4710-1528519|159389|176106
16417|M|Calicurl's Mikey|SRL non d|...|CFA 5798-1541939|11347|159392
16418|F|Calicurl's Ophelia|SRL non n 33|...|CFA 5799-1541938|11347|159392
16419|F|Calicurl's Tater Tot|SRL non n|...|CFA 5973-1541941|159394|11349
16420|F|Calicurl's Yoda|SRS non f|...|CFA 4747-1542106|159389|176106
16579|M|Camillo v. Doerpen|THA non|...|WCF DE 8228 RIEX|174541|162912
17443|M|Castilleja's Ivanhoe of Kirleekat|SRL non n|...|CFA 2860-1380991 V1202|143866|143868
17549|F|Catbalu Bella|SRS non g 03|...|GCCF CSREF 557104||
17550|M|Catbalu Cinnamon-Moon|SRS non o|30-03-2008|FD RX 156536|17551|17564
17551|M|Catbalu Creme-Royale|SRS non e|...|GCCF CSEXP 639937|17556|17559
17554|F|Catbalu Frascati|SRS non a 03|...|GCCF CSREF 584193||
17556|M|Catbalu Indiana|SRS non d 03|...|GCCF CSEXP 590900|17560|17549
17558|F|Catbalu Maid To Order|SRS non p 03|...|GCCF CSEXP 634362|17557|17554
17564|F|Catbalu Xante|SRS non o 03|...|GCCF CSEXP 671385|8583|17558
18085|F|Celandine's Curly Chayenne Joya|SRL non g 09|...|AOP 110307 030|129275|18086
18150|F|Celina von Westhausen|SRS non ns 11|...|EZVS e.V 01046293||
19002|F|Charnfield Chanterelle|SRL non fs|...|GCCF CSSR 321058|191528|19003
19004|M|Charnfield Curtis|SRL non ns|...|GCCF CSSR 365096|150265|19002
19907|M|Choneko Nanki Poo|JBT n 09|...|CFA 6660-207935 V0685||
19908|M|Choneko Ronin Renko of Genji|JBT n 09|...|CFA 6660-189454 V0385||
19909|F|Choneko Sawagi Hachi of Bassetti|JBT f 09|...|CFA 6649-513666 V0590|176170|125539
19910|M|Choneko Shirlon-Kin of Kurisumasu|JBT w 61|12-12-1993|CFA 6600-912091 V0595||
19942|M|Chotto Tatsu Toku of Tamosha|JBT n 09 22|19-04-2000|CFA 6690-1325980 V0402||
21074|F|Co-Mc Topsy of Minusdetails|SRS non g 33|...|CFA 0649-882439 V1293||
22325|M|Curly Ice Bear Da Silva of Lykken|SRL non w|...|TICA BOP 050209 059|180530|155744
22326|F|Curly Kiss My form Sham|SRL non a|24-04-2007|FD RX 153639|150853|132812
22328|M|Curly Oberon van Brifety|SRS non c 33|...|A2006-7251||
22329|M|Curly Sherman van Brifety|SRS non c 33|06-08-2006|FD RX 144050|183058|131289
22330|F|Curly Yaleane from Sham|SRS non f 03|...|SEL-RIEX-2601/5.05|126549|140667
23097|M|Dante Allegonda|SRS non e 09|...|(NL)SRS 0703.00||
23842|M|Deenewkurl Slow Gin Fuzz|SRL non d 22|...|TICA 5762-1350654|156831|192387
24470|M|Diamond Snowflake Ivan Flokati|SRS non ns 11|...|KVL 99-192-1025-9 RIEX||
26366|M|DK All-Saints Patrick|SRL non c 09|07-11-2009|FD LO 158011|26341|26347
26368|F|DK All-Saints Polly|SRL non c 09|07-11-2009|FD LO 158012|26341|26347
34120|M|DK Boholdt Pablo Picasso|SRS non g 03|29-07-2008|FD LO 155372|17008|14796
36422|F|DK Calico Moon's Frida Kahlo|SRS non f|11-03-2008|FD RX 154231|16413|162107
36425|F|DK Calico Moon's Let Sun Shine|SRS non a 33|28-07-2007|FD RX 152964|22329|162107
36429|F|DK Calico Moon's Opal Fire|SRS non f|06-04-2009|FD RX 156730|17550|36422
36430|M|DK Calico Moon's Pablo Picasso|SRS non a|11-03-2008|FD RX 154232|16413|162107
42864|M|DK Crispus' Luke Skywalker|SRL non w 62|08-10-2007|FD LO 154653|58754|183415
45761|M|DK DetVarKattens Academy Award|SRS non d 03 2|08-01-2009|FD RX 156306|181647|38233
72061|M|DK Ligaen Fox Trot|SRS non f 03|12-02-2009|FD RX 156262|15344|123061
72065|F|DK Ligaen Jive D'manns|SRL non f 03|12-02-2009|FD RX 156260|15344|123061
72068|M|DK Ligaen River Dance|SRL non es 03|12-02-2009|FD RX 156263|15344|123061
72069|F|DK Ligaen Rumba|SRL non ns 11|12-02-2009|FD RX 156261|15344|123061
79797|F|DK Mischek Elektra|SRL non d 22|20-04-2010|(DK)FD LO 158842|172450|169995
83171|F|DK Nadikat's Anubis|SRS non ns 03 |26-08-2008|FD LO 156253|181287|171819
85535|M|DK Noer's Ganzo|SRS non n 33|18-05-2009|FD RX 157188|16413|36425
85629|F|DK Noer's Miss Marbel|SRS non n|13-07-2008|FD RX 156199|112619|36425
85716|M|DK Noer's Stichts|SRS non n 33|18-05-2009|FD RX 157186|16413|36425
86755|M|DK Nyx Illidan Stormrage|SRL non f|24-10-2008|FD LO 156079|131565|131564
89211|M|DK Pasht's Krøl-Bøf|SRS non n|20-07-2010|(DK)FD RX 200623|16413|85629
89254|M|DK Pasht's Mr. Mumse|SFL non n 09 7|04-11-2005|FD RX 138199|377|89147
98411|M|DK Sevastopol's Bella White|NEM n 21|01-09-2009|FD LO 177663|133548|98431
98431|F|DK Sevastopol's Marya Dolohova|NEM n 21|27-05-2007|FD LO 147428|5023|5031
101923|F|DK Snugglebugs Aurora|SRS non e 03 2|04-04-2008|FD RX 154709|153736|101928
101929|F|DK Snugglebugs Guldlok|SRL non a 03|04-04-2008|FD RX 154710|153736|101928
106246|M|DK Tascoon's Castello|SRS non g 03|01-04-2008|FD RX 154812|190439|19623
108207|F|DK Timian's Fuyuko|JBT f 01|30-12-2008|FD RX 156715|11094|193276
108209|F|DK Timian's Hanako|JBT n 02|10-02-2007|FD RX 145926|137902|193276
108212|M|DK Timian's Hotaka|JBT n 02|10-02-2007|FD RX 145925|137902|193276
108214|M|DK Timian's Katsu|JBT n 03|28-01-2008|FD LO 154130|137902|11093
108226|M|DK Timian's Takeshi|JBT d 03|28-01-2008|FD LO 154132|137902|11093
108228|M|DK Timian's Tora|JBT d 01|30-12-2008|FD RX 156718|11094|193276
108229|M|DK Timian's Toshiro|JBT d 01|30-12-2008|FD RX 156717|11094|193276
108233|F|DK Timian's Yukiko|JBT n 03|10-02-2007|FD RX 145927|137902|193276
108234|F|DK Timian's Yuri|JBT n 03|28-01-2008|FD LO 154131|137902|11093
118049|M|Dolunay af Misapotanien|SRL non c 09|05-05-2010|(DK)FD RX 158711|193059|163991
120922|F|Esmyralda van Ortisei|BOM non n|...|VKS 8312-95K|154831|131376
121715|F|Fantagiró Dargento|SRS non es 11|13-07-2008|FD LO 156184|123147|18896
122798|F|FIN*Alchemist Citalopram|SRL non a 03|06-02-2007|SRK LO 30674|179689|122799
123682|M|FIN*Seer's Silver Leaf|SRL non ns 33|26-08-2005|SRK LO 28077|14247|123679
124211|F|Flashpaws Paint Box|SRS non f|...|GCCF CSSR 084989||
125396|M|Fuego vom Chamäleon|SRL non w 62|...|FFH LO 51746||
125409|M|Fujicats Sumochin of Nekomo|JBT n 09|25-10-2000|CFA 6660-1340251 V0502|16258|155573
125539|F|Furrfayar Omcha of Choneko|JBT f 09|...|CFA 6649-241525 V0487|139208|125540
125540|F|Furrfayar's Madame Butterfly|JBT x|...|CFA 6691-000046 V112||
126393|M|Genki of Abenese|JBT n 09|...|CFA 6660-0048 V111||
126858|F|Gina v. Bertringa|THA non|...|WCF DE 00684 RIEX||
127289|F|Gloria v. Katharineholz|SRS non f 03|...|TICA CU SR260501 002|193603|22905
128175|F|Grenouille Bakasu|JBT f|...|CFA 6647-068766|150738|128177
128176|F|Grenouille Mosimosi of Bassetti, DM|JBT f 09|...|CFA 6649-203528 V0784|128178|139209
128177|F|Grenouille Neko San|JBT f|...|CFA 6647-000019 V0281||
128178|M|Grenouille Tomo-Ko San|JBT n 09|...|CFA 6660-054835|150738|176317
128179|M|Grenouille Tomo's Herbtsumi|JBT n 09|...|CFA 6660-128670 V0784|128178|128175
128180|F|Grenouille's Yuki Tanuki of Kiddlyn|JBT f 09|...|CFA 6691-286646 V0986||
129275|M|Handsome Cinnamon von Grigoleit|SRL non b 09|...|EC-SEL-LO-3013/1.05|133549|166018
131289|F|Honey Lana van Brifety|SRS non h|...|NCT A2004-7865|178073|11761
132230|M|IDP*Monzabina's Ante|SRL non ns|...|(S)SVERAK RX 164910||
132497|F|I'm The Greatest vom Grutholz|SRS non q|...|EC-Sel-R-0503-211||
132814|M|Insider's Curly Carlson|SRL non a|...|TICA AON 082100 017||
132816|F|Insider's First Lady Curly|SRS non as 11|21-08-2000|TICA AON 082100 030||
133549|M|Jack in the Box vom Grutholz|SRL non c 09|...|EC-SEL-R-0503-215|186282|164064
134427|M|Jengari Paddy O'Malley|SRS non d|...|GCCFV 03GC20089|193411|157224
134432|M|Jenirex Captain Pugwash|SRS non n|...|GCCF CSSR 319934|23469|134433
134795|M|Jinx av Ulse (N)|SRL non n 33|23-02-2008|FD LO 156177|156670|19001
134924|M|Jofra's Curly Camelot|SRS non a|05-02-2008|FD RX 154967|16070|22330
136831|M|Karpfenpfeifer Bandith of Royalbear|SRL non a 22|05-01-2001|TICA AOP 050101 036|127075|132816
136832|F|Karpfenpfeifer's Carline|SRS non a|01-05-2001|TICA AON 050101 009|127075|132816
137139|M|Katrin's Curly Delphi|SRS non a|29-03-2006|SVERAK RX 234353|176705|23291
137260|M|Katzshack's Brando|SRS non ns 11|15-07-1997|CFA 4732-1197236|192386|20477
137854|F|Kiasutha Singin The Blues of Pamacs|SRL non a|31-07-1997|CFA 5707-1179597|143277|146677
137887|F|Kiddlyn Sharibetsu|JBT n|19-09-1996|CFA 6609-1096637 V1197|16257|137892
137888|F|Kiddlyn's Atarashii of Rockinashi, DM|JBT f 09|...|CFA 6649-718414 V0692|183381|137908
137889|F|Kiddlyn's Chairo|JBT n 23|19-01-2000|CFA 6645M-1295527 V0402|16257|137892
137890|F|Kiddlyn's Cher|JBT n 09|19-01-1989|CFA 6661-533580 V0990||
137891|F|Kiddlyn's Hanabi|JBT f 09|...|CFA 6691-447844 V0789||
137892|F|Kiddlyn's Kaedeto, DM|JBT n 09 22|23-06-1993|CFA 6691-884493 V1294|183381|137890
137893|M|Kiddlyn's Kazari of Shishi|JBT d 09|...|CFA 6662-411856 V0888||
137894|M|Kiddlyn's Kin-Jito|JBT a 09|30-04-1996|CFA 6690-1071422 V0198|137895|137905
137895|M|Kiddlyn's Kobiko of Vietti|JBT n 09|31-01-1995|CFA 6660-988165 V0396||
137896|M|Kiddlyn's Kogata|JBT n 09 22|...|CFA 6690-613406 V1190|183381|137906
137897|F|Kiddlyn's Kokoa Pafu|JBT n 09 23|13-09-2003|CFA 6691-1473364 V0505|137904|
137898|M|Kiddlyn's Koto Koi of Iocats|JBT n 09 22|...|CFA 6690-676143 V1291|137896|137907
137899|F|Kiddlyn's Kuchi-Musume, DM|JBT f 09 22|22-12-1991|CFA 6691-771301 V0793||
137900|F|Kiddlyn's Kuchi-San, DM|JBT n 09 22|20-05-1993|CFA 6691-898009 V0795|183381|137899
137901|M|Kiddlyn's Kyokudo|JBT n|07-10-1999|CFA 6608-1292049 V0701|140826|137887
137902|M|Kiddlyn's Majutsu|JBT n|17-08-2005|FD LO 138374|137901|137897
137903|F|Kiddlyn's Mijikai of Bassetti|JBT f 09|02-07-1990|CFA 6649-650686 V0891||
137904|M|Kiddlyn's Mikata|JBT n 09|16-06-1999|CFA 6660-1268695 V1201|137894|137900
137905|F|Kiddlyn's Mizudeppo|JBT f 09 22|21-06-1993|CFA 6891-899536 V0895||
137906|F|Kiddlyn's Opalescence|JBT f 09|...|CFA 6649-497395 V1289||
137907|F|Kiddlyn's Sparkle Sukkari, DM|JBT f 09|...|CFA 6649-341439 V1087|19907|128180
137908|F|Kiddlyn's Uchiki-No Tamashii|JBT d 09|...|CFA 6663-651969 V0691|9900|137891
138931|F|Kintaro Shin Kara of Rockinashi|JBT f 09|16-02-1994|CFA 6649-919022 V0295||
139207|F|Kitai Cho Ko San|JBT f 09|...|CFA 6649-000055 V110||
139208|M|Kitai Omocha San|JBT d 09 22|...|CFA 6690-000026 V111||
139209|F|Kitai Shintako of Grenouille|JBT d 09|...|CFA 6663-61259 V1083|1683|139207
140040|F|Kochav Ha-Carmel Willy-Nilly|SRL non g 03|...|ICCF 014/00/SPH||
140667|F|Kuddelmuddel vom Grutholz|SRL non ns|...|EC-SEL-R-1106-066|193159|7776
140687|M|Kumikoi Hobi Mi-Ye of Bassetti|JBT d 09|21-02-1994|CFA 6662-914927 V0295|155568|140688
140688|F|Kumikoi's Hobi's Inori|JBT f 09|31-03-1992|CFA 6649-783014 V0594||
140747|M|Kuniyoshi Katsu of Songgawagsa, DM|JBT a 09|25-05-1999|CFA 6790-1264419 V0900|140827|140833
140826|M|Kurisumasu Anzu|JBT e 22|27-05-1998|CFA 6690-1207003 V1099|140831|140832
140827|M|Kurisumasu Fujiwara of Kuniyoshi|JBT d 09|12-06-1996|CFA 6662-1115537 V0198||
140828|F|Kurisumasu Kamibina|JBT d 09 24|09-01-1992|CFA 6691-761164 V1093||
140829|M|Kurisumasu Kumanbachi|JBT n 09|01-05-1996|CFA 6660-1072353 V0697||
140831|M|Kurisumasu Shirokiji|JBT w 61|05-04-1995|CFA 6600-997386 V0696|19910|140828
140832|F|Kurisumasu Suiyo|JBT f 09|01-04-1997|CFA 6649-1127698 V0998|140829|140830
140833|F|Kurisumasu Yoshiwara of Kuniyoshi, DM|JBT f 09|21-11-1996|CFA 6649-1115022 V0798||
140835|F|Kurlipurrz Hearts Desire of Pomacs|SRS non js 21 |27-05-2001|CFA 4791-1423536|137260|23643
140836|M|Kuro Ran of Bassetti, DM|JBT n|...|CFA 6608-323281 V0387|3050|3047
142288|M|LapurrFect El Zorro The Great|SRL non n|...|TICA AOT 040498 034|142293|159393
142289|M|LapurrFect Howlalot Of Reigningcats|SRS non as 11|...|TICA BOP 060199 054|142288|142292
142290|F|LapurrFect Punkin Puss|SRS non f 03|...|TICA AOP 020800 039|184992|142291
142292|F|LapurrFect Shadow Girl|SRS non ns 03 |...|TICA AOT 101397 020|161604|154223
142294|M|LapurrFect Teaser|SRL non n|...|TICA BOP 011300 016|184992|159393
143277|M|Lil'Bopeep's Mr Sunshine|SRL non w|...|CFA 5702-961277||
143497|F|Linnanportin Baru-Ama-i (CFA: of Bassetti)|JBT f 09|15-12-1992|CFA 6649-840458 V0494|9899|175491
145017|F|Lykken Curly Ronja|SRL non e|18-05-2011|(DK)FD RX 210419|145019|145018
145018|F|Lykken First Chocolate Curl|SRL non h|...|TICA BOP 111809 051|192707|18085
145019|M|Lykken First Joy In Straight|SRL non e 03|...|TICA AOP 080109 049|16412|124711
145020|F|Lykken Snedronning|SRL non w|03-05-2010|(DK)FD RX 209491|22325|11739
148486|M|Maricho's Hakusan|JBT n 09 22|...|CFA 6760-1257481|148488|148489
148487|M|Maricho's Kaio|JBT d 09|...|CFA 6662-1473347|148486|9886
148488|M|Maricho's Kitanoumi|JBT n 09|...|CFA 6760-1143941||
148489|F|Maricho's Odori|JBT d 09 22|...|CFA 6649-1168140||
148979|M|Maryott Shika of Akumaizer|JBT d 22|...|CFA 6640-000004 V107||
150738|M|Mikeneko Kyoi of Grenouille|JBT d 23|...|CFA 6640M-000012 V111||
153399|M|Moirja's Fuzzy Face|SRS non ds|...|CFA 2990-1083477 V1297||
153400|F|Moirja's Puff Puff Cocoa Puff|SRL non ds|...|CFA 2961-1158845 V1299|153399|153397
154457|M|Murchello Irbis|NEM as 03 21|...|Missing Info (043)||
154831|M|Möwgli de la Callas|ASS non|...|VKS 7799-93K||
155568|M|Nekeshemo's Black Bandit of Kumikoi|JBT n 09|02-06-1992|CFA 6660-804515 V0294||
155570|F|Nekomo Empress Himiko|JBT f 09|31-10-2001|CFA 6649-1388045 V1203|155571|9895
155571|M|Nekomo Haruo Nakajima|JBT n 09|06-09-1999|CFA 6660-1284841 V0501||
155572|M|Nekomo Koji Tatsuno of Yuki-Usagi|JBT n 09|19-07-2003|CFA 6660-1466612 V0704|125409|155570
155573|F|Nekomo Miho of Fujicats, DM|JBT f 09|19-10-1998|CFA 6649-1239281 V0700||
155744|F|Net Effe Anders Snowy Girl|SRL non w|...|(NL)NLKV 2008.174|23097|118212
156056|M|Nicolas vom Zauberland|SRS non as 11 |...|DRKV 03-11806 RIEX|177923|136832
157197|F|Oaktree Rosieo'Donwool Of Woolibear|SRS non f 33|...|TICA 4983-1130512||
157198|M|Oaktree Showing My Socs of Pamacs|SRS non n 33|07-03-1997|CFA 4972-1179596|157199|192385
157199|M|Oaktree's Socrates|SRL non d|...|CFA 5710-750879||
157564|F|Oklahoma Twister of WHF|SRL non f 03|...|TICA BOP 020201 025|142294|142290
158279|M|Omega Fiery Skipper of Minusdetails|SRS non f 03|...|CFA 1660-793916 V0992||
159389|M|Pamacs Blue's Brother of Woolibaar|SRL non a|...|CFA 5706-1423636|157198|137854
159390|M|Pamacs Calypso|SRL non ns 33|...|CFA 5790-1313382|159399|19378
159391|M|Pamacs Christopher Robin|SRS non a|...|CFA 4706-1385502|162197|19378
159392|F|Pamacs Colors-of- Autumn of Calicurl|SRL non f|...|CFA 5747-1430327|159390|159398
159393|F|Pamacs Elvira Of LapurrFect|SRS non n|...|TICA AOT 071196 049||
159394|M|Pamacs Made In Idaho Of Calicurl|SRL non n 33|...|CFA 5790-1526379|159397|159396
159395|F|Pamacs People R Talkn of Berrycurl|SRL non fs|...|CFA 5791-1385474|157196|159400
159398|F|Pamacs Socratina|SRL non f|...|CFA 5747-1179598|157199|17455
159399|M|Pamacs Socrebleu|SRL non a|...|CFA 5706-1240353||
159400|F|Pamacs Something To Talk About|SRL non a|...|CFA 5707-1317715||
159401|M|Pamacs Winnie The Blue|SRS non a|...|Kat ID: 313774||
160132|M|Pattnchat Rockin' Robin|SRL non d 22|...|CFA 2960-1162010 V0998|160130|150666
161604|M|Pinamadera Gus Of La Purr'Fect|SRS non a|...|TICA 5706-1124365||
162107|F|Pointillstic Bangkirai|SRS non g 33|15-02-2006|FD RX 142842|166822|162196
162196|F|Pomacs Promise From Heart|SRL non g 33|04-04-2004|CFA 5987-1519605|162197|140835
162197|M|Pomacs Winnie The Blue|SRS non a|16-04-1999|Kat ID: 287369|157198|137854
162912|F|Pulginha v. Doerpen|THA non|...|WCF DE 6751 RIEX||
164225|M|Rackartuss Sun|SRL non w 62|...|SNRF DRX 6608|139027|153398
165496|F|Reigningcat's Evening Serenity|SRL non ns 11|...|TICA AOP 051301 009|142289|136462
166187|F|Rockinashi Enrio-Bukai, DM|JBT n 09 22|21-09-1992|CFA 6691-811874 V0294||
166188|M|Rockinashi Hoshi Kin of Bassetti|JBT n 09|12-12-1995|Kat ID: 283088|9893|166187
166189|M|Rockinashi Hoshi Kin of Bassetti|JBT n 09|12-12-1995|Kat ID: 283102|9893|166187
166190|F|Rockinashi Nikki of Bassetti|JBT n 09|...|CFA 6661-827530 V0594|137898|137888
166821|M|Royalbear's Burny|SRS non a 23|...|ÖRCC 0625-Riex|136831|9435
166822|M|Royalbear's Hades|SRS non c|26-07-2003|GP 297/3C192-Riex|166821|1531
169984|M|S*Impuls Lord Lancelot|SRS non n 03|03-10-2001|SVERAK LO 175057|171524|122380
170282|M|S*Kastanjeback's Dell Mondo|SRS non a|28-04-2007|FD RX 153184|137139|170283
170852|M|S*Lockhart's Chocolate Boy|SRL non ns|01-02-2004|(S)SVERAK RX 197485|169071|170851
172435|F|S*Röda Nejlikan's A Avianca|SRS non d 03|01-01-2006|SVERAK RX 218544|123669|170589
172450|M|S*Röda Nejlikan's O Ode to Mischek|SRS non f 33|01-11-2008|FD LO 156182|167506|172435
174541|M|Sammy v. Bertringa|THA non|...|WCF DE 5990 RIEX|192244|126858
174546|F|Samoa Gems Graftycurl of Russicurl|ACS n|...|WCF AB-003/ACL/2000|175208|
175491|F|Sayesinde's Ichi-Ban|JBT f 09|...|SRK RX 14833||
176015|F|SeriousCats Tahiti|SRS non o 09|...|TICA ZBT SR 250706 005|8190|132497
176106|F|Shadowoak's Hanna of Purrfectcurl|SRS non f 03|...|CFA 4749-1311512|136146|13011
176170|M|Shahi Taj's Kekko|JBT n 09|...|CFA 6660-069866 V0582|126393|183897
176317|F|Shamba Letu Meiko of Grenouille|JBT f 09|...|CFA 6649-000033 V109||
179185|F|Snowdrop Akari of Yuki-Usagi|JBT f 09 22|30-04-2002|CFA 6691-1413108 V0704||
180530|M|Spirit Color's Mr Bean|SRL non es|...|SEL-ES DE 8518 RIEX|132814|132817
182942|M|Sys' Akà Osuneko|JBT d 09|09-10-1997|FD LO 92407|9892|182971
182945|F|Sys' Chiisài Bakúdan|JBT n 09|09-10-1997|FD LO 92410|9892|182971
182950|F|Sys' Finrando No Jóji|JBT n 09|09-10-1997|FD LO 92409|9892|182971
182951|F|Sys' Finrando No Tsunági|JBT n 09|09-10-1997|FD LO 92408|9892|182971
182952|F|Sys' Fúbùki|JBT n 09|01-08-1995|FD LO 82082|9881|182971
182961|M|Sys' Múkashi Mukashi|JBT n 02|12-05-1994|FD LO 76520|9881|9888
182962|M|Sys' Ninjin|JBT d 09|04-08-1995|FD LO 82083|9881|9888
182963|M|Sys' Okii-Hara|JBT d 09|05-04-1993|FD LO 71738|9881|9888
182964|F|Sys' Ràiu|JBT n 09|01-08-1995|FD LO 82081|9881|182971
182965|F|Sys' Riki|JBT n 09|04-08-1995|FD LO 82084|9881|9888
182966|F|Sys' Risu|JBT n 09|07-09-1995|FD LO 82904|9881|182970
182967|M|Sys' Súpìkâ|JBT d 09|28-01-1995|FD LO 79360|9881|9888
182968|F|Sys' Tatsúmaki|JBT f 09|01-08-1995|FD LO 82080|9881|182971
182970|F|Sys' Togarashi|JBT n 09|12-05-1994|FD LO 76521|9881|9888
182971|F|Sys' Yuwaku|JBT f 09|30-09-1993|FD LO 74360|9881|9888
182972|F|Sys' Zensokuryoku-De|JBT n 09|05-04-1993|FD LO 71739|9881|9888
183058|M|Tabaluga vom Zauberland|SRS non as 33|...|NCT IA2004-8251|156056|182341
183380|F|Takashi's Aoi Onna No Ko of Cheval|JBT a 09|...|CFA 6691-410201 V0888||
183381|M|Takashi's Takenoko of Kiddlyn|JBT n 09 22|18-07-1988|CFA 6690-502711 V1289||
183897|F|Tassha of Abenese|JBT f 09|...|CFA 6649-000061 V111||
184041|F|Tchi-Mei II v. Doerpen|THA non|23-04-1997|FD RX 1836 K|16579|192575
184992|M|The Great Red Baron of LapurrFect|SRS non d 03|...|TICA AOP 041598 062||
185741|M|Timian's Yuudai|JBT d 03|10-02-2007|FD RX 145924|137902|193276
186453|M|Topolino vom Zwergengarten|SRS non ns 11|27-03-2007|FD RX 155067||
187601|F|Uchineko's Mizuhiki of Bassetti|JBT n 09|...|CFA 6661-167541 V0185||
187602|F|Uchineko's Sama-Zama of Bassetti|JBT f 09|...|CFA 6649-273062 V0286||
187816|F|Unbelievable Katbor-Kis*RU|SRL non c|...|AR CCA LO 48875|193664|9454
190735|M|WHF Oscar Again|SRL non n 03|...|TICA BOP 051402 010|23842|157564
190736|F|WHF Shadows Curl|SRL non ns|31-03-2006|FD RX 153647|190735|165496
190737|F|WHF Sweet Curl|SRL non fs 03|...|CFA 5761-1414206|23842|157564
192244|M|Witch-Cat's Caruso|THA non|...|WCF DE 3112 RIEX||
192385|F|Woolibaar Bon Bon of Pamacs|SRS non n 33|...|CFA 4973-1059952||
192386|M|Woolibaar Cracker Jack of Katzshack|SRS non n 24|...|CFA 4790-1068231||
192387|F|Woolibaar I Am Curious Blue|SRS non g 33|...|TICA 4987-1288770|192388|157197
192388|M|Woolibaar Sunrise Jubilee|SRS non es 11|...|TICA 4790-1224511||
192575|F|Xani v. Doerpen|THA non|...|WCF DE 8215 RIEX||
192707|M|X-File von der Hasseler Linde|SRS non o|...|TICA AON 020109 038|184939|176015
193159|M|Yogi vom Grutholz|SRL non ns|...|RCC 00823RIEX Bd.III|24470|146693
193275|F|Yuki-Usagi Kirara|JBT n 09 23|15-04-2005|FD RX 135797|155572|179185
193276|F|Yuki-Usagi Komachi|JBT f 01|15-04-2005|FD RX 135798|155572|179185
193432|F|Zagadka iz Odissei of Murmur's|NEM f 21|...|(IT)AFI 19606||
193603|M|Zarzillo v. Deutschen Eck|SRS non a|...|HKB 97-10-300||
193790|M|Zeus von der Spitzenstadt|SRS non ns 11|29-08-2001|TICA AOP 082901 004|132814|142654
193844|F|Ziggi af Misapotanien|SRL non c 09|19-11-2009|(DK)FD LO 158093|119352|126143
194161|M|Zvyozdny Irbis|NEM ns 21|...|(RU)RES-0017/SIB/2004|154457|5146
