5114  |F|Aneela Princes von Gott DK           |SBI g   |12-02-2013|(DK)FD RX 212782|72210 |8462  
6179  |F|April Joy von Gott DK                |SBI g   |12-02-2013|(DK)FD RX 212783|72210 |8462  
7154  |M|Aslan 13-46                          |SBI c   |08-04-2013|(DK)FD LO 215720|87249 |51307 
7964  |M|Avalon in Purple von Gott DK         |SBI c   |12-02-2013|(DK)FD RX 212781|72210 |8462  
8335  |M|Babylon von Gott DK                  |SBI a   |04-05-2013|(DK)FD RX 213744|72210 |101113
9193  |F|Bambus von Gott DK                   |SBI c   |04-05-2013|(DK)FD RX 213746|72210 |101113
14335 |F|Bonsai von Gott DK                   |SBI a   |04-05-2013|(DK)FD RX 213745|72210 |101113
14355 |F|Boomerang Bella                      |SBI a   |08-05-2013|(DK)FD LO 214313|19916 |33176 
14356 |F|Boomerang Berta                      |SBI a   |08-05-2013|(DK)FD LO 214312|19916 |33176 
14357 |F|Boomerang Birma                      |SBI a   |08-05-2013|(DK)FD LO 214314|19916 |33176 
14360 |F|Boomerang Chanel                     |SBI n   |08-05-2013|(DK)FD LO 214311|19916 |33176 
17322 |M|Cashmir Tika von Gott DK             |SBI n   |30-09-2013|(DK)FD RX 215811|72210 |128096
17414 |F|Cassiopeia My von Gott DK            |SBI n   |30-09-2013|(DK)FD RX 215812|72210 |128096
18313 |M|Chablis Palin von Gott DK            |SBI n   |30-09-2013|(DK)FD RX 215810|72210 |128096
26313 |F|DK Allica's Becca                    |SBI n   |13-04-2013|(DK)FD LO 213767|39741 |27377 
26314 |F|DK Allica's Bellis                   |SBI n   |13-04-2013|(DK)FD LO 213768|39741 |27377 
26315 |M|DK Allica's Bentley                  |SBI n   |13-04-2013|(DK)FD LO 213765|39741 |27377 
26316 |F|DK Allica's Blossom                  |SBI n   |13-04-2013|(DK)FD LO 213766|39741 |27377 
26684 |M|DK Aluksus' Caktus                   |SBI a 21|29-08-2013|(DK)FD LO 215772|61840 |26681 
26685 |F|DK Aluksus' Citrus                   |SBI a 21|29-08-2013|(DK)FD LO 215770|61840 |26681 
26686 |F|DK Aluksus' Cleopatra                |SBI a 21|29-08-2013|(DK)FD LO 215773|61840 |26681 
26687 |M|DK Aluksus' Cæsar                    |SBI a 21|29-08-2013|(DK)FD LO 215771|61840 |26681 
27290 |F|DK Amos' Eleana                      |SBI a 21|08-09-2013|(DK)FD LO 215789|115847|72422 
27291 |M|DK Amos' Elliot                      |SBI b   |08-09-2013|(DK)FD LO 215790|115847|72422 
27292 |F|DK Amos' Evita                       |SBI b 21|08-09-2013|(DK)FD LO 215791|115847|72422 
27340 |F|DK Amozar's Octavia                  |SBI a   |21-03-2013|(DK)FD LO 213671|8465  |112823
27341 |F|DK Amozar's Ofelia                   |SBI a   |21-03-2013|(DK)FD LO 213669|8465  |112823
27342 |F|DK Amozar's Oxana                    |SBI a   |21-03-2013|(DK)FD LO 213670|8465  |112823
27343 |F|DK Amozar's Papaya                   |SBI a   |25-04-2013|(DK)FD LO 214849|8391  |78093 
27344 |M|DK Amozar's Pegasus                  |SBI n   |25-04-2013|(DK)FD LO 214846|8391  |78093 
27345 |M|DK Amozar's Pigeon                   |SBI a   |25-04-2013|(DK)FD LO 214847|8391  |78093 
27346 |F|DK Amozar's Piper                    |SBI n   |25-04-2013|(DK)FD LO 214848|8391  |78093 
27347 |M|DK Amozar's Qato                     |SBI a   |09-06-2013|(DK)FD LO 214838|8465  |27325 
27348 |F|DK Amozar's Qayla                    |SBI c   |09-06-2013|(DK)FD LO 214841|8465  |27325 
27349 |F|DK Amozar's Quinnie                  |SBI a   |09-06-2013|(DK)FD LO 214839|8465  |27325 
27350 |F|DK Amozar's Quista                   |SBI a   |09-06-2013|(DK)FD LO 214840|8465  |27325 
27351 |F|DK Amozar's Rubia                    |SBI a   |14-09-2013|(DK)FD LO 215843|8465  |27325 
27352 |M|DK Amozar's Ruma                     |SBI a   |14-09-2013|(DK)FD LO 215841|8465  |27325 
27353 |F|DK Amozar's Rumina                   |SBI a   |14-09-2013|(DK)FD LO 215842|8465  |27325 
27354 |M|DK Amozar's Rusty                    |SBI a   |14-09-2013|(DK)FD LO 215840|8465  |27325 
27362 |M|DK Anakhita Caesar                   |SBI c   |22-04-2013|(DK)FD LO 213853|62063 |33570 
27363 |M|DK Anakhita Capella                  |SBI a   |22-04-2013|(DK)FD LO 213855|62063 |33570 
27364 |F|DK Anakhita Carola                   |SBI a   |22-04-2013|(DK)FD LO 213854|62063 |33570 
27365 |M|DK Anakhita Columbus                 |SBI c   |22-04-2013|(DK)FD LO 213856|62063 |33570 
27366 |M|DK Anakhita Dee-Jay                  |SBI a 21|26-07-2013|(DK)FD LO 215372|61840 |27358 
27367 |M|DK Anakhita Dun-Dee                  |SBI a 21|26-07-2013|(DK)FD LO 215371|61840 |27358 
27385 |M|DK Ancali's Didrik                   |SBI d   |24-04-2013|(DK)FD LO 214058|62063 |47867 
27386 |M|DK Ancali's Dino                     |SBI n   |24-04-2013|(DK)FD LO 214056|62063 |47867 
27387 |M|DK Ancali's Ditlev                   |SBI e   |24-04-2013|(DK)FD LO 214057|62063 |47867 
27388 |F|DK Ancali's Dusses                   |SBI h   |24-04-2013|(DK)FD LO 214059|62063 |47867 
29320 |F|DK Avalantas Olivia                  |SBI n 21|19-03-2013|(DK)FD LO 213696|87278 |29295 
29321 |F|DK Avalantas Olympia                 |SBI b 21|19-03-2013|(DK)FD LO 213697|87278 |29295 
29322 |F|DK Avalantas Ophelia                 |SBI b 21|19-03-2013|(DK)FD LO 213695|87278 |29295 
29323 |F|DK Avalantas Ottavia Bellissima      |SBI n 21|19-03-2013|(DK)FD LO 213694|87278 |29295 
30626 |F|DK Bandit's Liva                     |SBI a   |09-03-2013|(DK)FD LO 213340|105762|87256 
30627 |M|DK Bandit's Logan                    |SBI a   |09-03-2013|(DK)FD LO 213341|105762|87256 
30629 |F|DK Bandit's Lulu                     |SBI a   |09-03-2013|(DK)FD LO 213342|105762|87256 
30630 |F|DK Bandit's Luna                     |SBI n   |09-03-2013|(DK)FD LO 213339|105762|87256 
30631 |M|DK Bandit's Magic Moment             |SBI a 21|13-04-2013|(DK)FD LO 213800|87301 |112837
30632 |M|DK Bandit's Malte                    |SBI n 21|13-04-2013|(DK)FD LO 213801|87301 |112837
30633 |M|DK Bandit's Monty                    |SBI c 21|13-04-2013|(DK)FD LO 213802|87301 |112837
30634 |M|DK Bandit's Nero                     |SBI b 21|14-08-2013|(DK)FD LO 215613|87301 |112837
30635 |F|DK Bandit's Nynne                    |SBI n 21|14-08-2013|(DK)FD LO 215615|87301 |112837
30636 |F|DK Bandit's Perle                    |SBI n   |14-08-2013|(DK)FD LO 215614|87301 |112837
32935 |M|DK Bimserne Carlo                    |SBI n 21|03-03-2013|(DK)FD LO 213413|124435|94605 
32936 |F|DK Bimserne Cleo                     |SBI n 21|03-03-2013|(DK)FD LO 213414|124435|94605 
33158 |F|DK Birma4you's Bell                  |SBI a   |04-01-2013|(DK)FD LO 212804|39628 |24884 
33159 |F|DK Birma4you's Bella                 |SBI c 21|11-06-2013|(DK)FD LO 214732|33165 |87164 
33161 |M|DK Birma4you's Columbus              |SBI a 21|12-07-2013|(DK)FD LO 214980|33165 |24884 
33162 |M|DK Birma4you's Cæsar                 |SBI a 21|12-07-2013|(DK)FD LO 214981|33165 |24884 
33163 |M|DK Birma4you's Hans Christian        |SBI a   |04-01-2013|(DK)FD LO 212802|39628 |24884 
33166 |F|DK Birma4you's Sookie                |SBI a   |04-01-2013|(DK)FD LO 212803|39628 |24884 
33168 |F|DK Birma4you's Zizi                  |SBI a 21|12-07-2013|(DK)FD LO 214979|33165 |24884 
33582 |M|DK Blansskovvej's Ilias              |SBI n   |25-02-2013|(DK)FD LO 213511|13151 |48181 
33583 |M|DK Blansskovvej's Indigo             |SBI a   |25-02-2013|(DK)FD LO 213512|13151 |48181 
33584 |M|DK Blansskovvej's Ingo               |SBI c   |25-02-2013|(DK)FD LO 213513|13151 |48181 
33585 |F|DK Blansskovvej's Iris               |SBI a   |25-02-2013|(DK)FD LO 213514|13151 |48181 
33586 |F|DK Blansskovvej's Jasmin             |SBI n   |14-09-2013|(DK)FD LO 215982|13151 |48181 
33587 |M|DK Blansskovvej's Jester             |SBI b   |14-09-2013|(DK)FD LO 215981|13151 |48181 
33588 |F|DK Blansskovvej's Jolly              |SBI a   |14-09-2013|(DK)FD LO 215983|13151 |48181 
33589 |M|DK Blansskovvej's Justin             |SBI b   |14-09-2013|(DK)FD LO 215980|13151 |48181 
37900 |M|DK Ceza's Baldrian                   |SBI n   |13-07-2013|(DK)FD RX 214992|72210 |37898 
37901 |M|DK Ceza's Bregne                     |SBI n   |13-07-2013|(DK)FD RX 214991|72210 |37898 
37902 |M|DK Ceza's Buksbom                    |SBI n   |13-07-2013|(DK)FD RX 214990|72210 |37898 
38895 |F|DK Chan Kaja's Queenie Rose Gidis    |SBI c 21|11-03-2013|(DK)FD LO 213412|115847|38864 
38896 |M|DK Chan Kaja's Quinton Fox Gidis     |SBI c   |11-03-2013|(DK)FD LO 213411|115847|38864 
38897 |M|DK Chan Kaja's Quinzy Gidis          |SBI c 21|11-03-2013|(DK)FD LO 213410|115847|38864 
38984 |F|DK Charce's Ariel                    |SBI n 21|26-03-2013|(DK)FD LO 213650|110751|33187 
38986 |M|DK Charce's Balou                    |SBI n 21|26-03-2013|(DK)FD LO 213652|110751|33187 
38988 |F|DK Charce's Lilo                     |SBI n   |26-03-2013|(DK)FD LO 213649|110751|33187 
38989 |F|DK Charce's Nala                     |SBI n 21|26-03-2013|(DK)FD LO 213651|110751|33187 
39259 |F|DK Chat de Brett's Carla             |SBI a   |30-03-2013|(DK)FD RX 213748|13151 |86477 
39260 |M|DK Chat de Brett's Carlu             |SBI c   |30-03-2013|(DK)FD RX 213747|13151 |86477 
39261 |M|DK Chat de Brett's D.J.              |SBI a   |01-06-2013|(DK)FD LO 214554|8531  |39252 
39262 |F|DK Chat de Brett's Duchess           |SBI a   |01-06-2013|(DK)FD LO 214553|8531  |39252 
39624 |F|DK Chiangmau Miss. Ataaseq           |SBI n   |03-05-2013|(DK)FD LO 213796|39611 |39616 
39626 |F|DK Chiangmau Miss. Pingasut          |SBI n 21|03-05-2013|(DK)FD LO 213798|39611 |39616 
39627 |F|DK Chiangmau Miss. Sisamat           |SBI n 21|03-05-2013|(DK)FD LO 213799|39611 |39616 
39633 |M|DK Chiangmau Mr. Marluk              |SBI b   |03-05-2013|(DK)FD LO 213797|39611 |39616 
39694 |F|DK Chicabee Adriana Lima             |SBI c 21|10-03-2013|(DK)FD LO 213161|130475|39769 
39695 |M|DK Chicabee After Eight              |SBI c 21|10-03-2013|(DK)FD LO 213158|130475|39769 
39696 |M|DK Chicabee Alcatraz                 |SBI a 21|10-03-2013|(DK)FD LO 213159|130475|39769 
39698 |M|DK Chicabee Arizona                  |SBI n 21|10-03-2013|(DK)FD LO 213160|130475|39769 
39701 |M|DK Chicabee Bermuda                  |SBI b   |11-05-2013|(DK)FD LO 213881|62063 |39772 
39702 |F|DK Chicabee Beyonce                  |SBI b   |11-05-2013|(DK)FD LO 213882|62063 |39772 
39704 |F|DK Chicabee Blåbær                   |SBI a   |11-05-2013|(DK)FD LO 213883|62063 |39772 
39705 |M|DK Chicabee Bombay                   |SBI b   |11-05-2013|(DK)FD LO 213880|62063 |39772 
39706 |M|DK Chicabee Bonzai                   |SBI b   |11-05-2013|(DK)FD LO 213879|62063 |39772 
39710 |F|DK Chicabee Camomille                |SBI n 21|15-05-2013|(DK)FD LO 213888|115847|39786 
39712 |F|DK Chicabee Chamarel                 |SBI n 21|15-05-2013|(DK)FD LO 213887|115847|39786 
39713 |F|DK Chicabee Chiffon                  |SBI n 21|15-05-2013|(DK)FD LO 213886|115847|39786 
39714 |M|DK Chicabee Chili Con Carne          |SBI n 21|15-05-2013|(DK)FD LO 213885|115847|39786 
39715 |M|DK Chicabee Coconut                  |SBI n   |15-05-2013|(DK)FD LO 213884|115847|39786 
40981 |F|DK Con Meo's Danish Design           |SBI n 21|29-04-2013|(DK)FD LO 215394|17506 |97400 
40982 |M|DK Con Meo's Danish Dynamite         |SBI a 21|29-04-2013|(DK)FD LO 215392|17506 |97400 
40985 |F|DK Con Meo's Destiny                 |SBI a 21|29-04-2013|(DK)FD LO 215395|17506 |97400 
40986 |M|DK Con Meo's Dumble                  |SBI n   |29-04-2013|(DK)FD LO 215393|17506 |97400 
40989 |M|DK Con Meo's Emil                    |SBI a 21|09-05-2013|(DK)FD LO 215397|17506 |41042 
40990 |F|DK Con Meo's Emina                   |SBI a 21|09-05-2013|(DK)FD LO 215396|17506 |41042 
40992 |F|DK Con Meo's Europa                  |SBI a   |09-05-2013|(DK)FD LO 215398|17506 |41042 
42191 |F|DK Coral Dawn's Babette              |SBI b   |25-03-2013|(DK)FD LO 213858|105762|36944 
42194 |F|DK Coral Dawn's Belle Fleur          |SBI a   |25-03-2013|(DK)FD LO 213859|105762|36944 
42196 |M|DK Coral Dawn's Billy Joe            |SBI b   |25-03-2013|(DK)FD LO 213857|105762|36944 
45628 |F|DK Delaney's Bella D'Trix            |SBI n   |15-01-2013|(DK)FD LO 213050|87266 |95302 
45629 |F|DK Delaney's Blue Fairy              |SBI a   |15-01-2013|(DK)FD LO 213049|87266 |95302 
45630 |M|DK Delaney's Bumble Bee              |SBI a   |15-01-2013|(DK)FD LO 213048|87266 |95302 
46330 |F|DK Dola's Jackie                     |SBI n   |23-02-2013|(DK)FD LO 213612|87266 |106896
46331 |F|DK Dola's Jasmin                     |SBI n   |23-02-2013|(DK)FD LO 213611|87266 |106896
46332 |M|DK Dola's Jiggy                      |SBI a   |23-02-2013|(DK)FD LO 213610|87266 |106896
46333 |M|DK Dola's Karo                       |SBI a   |07-04-2013|(DK)FD LO 214026|87266 |46305 
46334 |M|DK Dola's Kenzo                      |SBI n   |07-04-2013|(DK)FD LO 214027|87266 |46305 
46335 |M|DK Dola's Lilla Tyke                 |SBI n   |11-07-2013|(DK)FD LO 215234|87266 |46302 
46336 |M|DK Dola's Luka                       |SBI a   |11-07-2013|(DK)FD LO 215235|87266 |46302 
46337 |M|DK Dola's Mowglie                    |SBI a   |12-07-2013|(DK)FD LO 215233|87266 |169453
46338 |F|DK Dola's Newt                       |SBI n   |18-08-2013|(DK)FD LO 215803|87266 |46311 
46339 |F|DK Dola's Nickie                     |SBI n   |18-08-2013|(DK)FD LO 215804|87266 |46311 
46340 |F|DK Dola's Noonie                     |SBI b   |18-08-2013|(DK)FD LO 215802|87266 |46311 
46630 |M|DK Drente's Bastian                  |SBI c   |02-05-2013|(DK)FD LO 214140|31283 |172778
46631 |F|DK Drente's Beatrice                 |SBI a   |02-05-2013|(DK)FD LO 214139|31283 |172778
46633 |M|DK Drente's Brombær                  |SBI b   |02-05-2013|(DK)FD LO 214142|31283 |172778
46634 |M|DK Drente's Bror                     |SBI d   |02-05-2013|(DK)FD LO 214141|31283 |172778
46636 |F|DK Drente's Carola                   |SBI f   |26-07-2013|(DK)FD LO 215463|31283 |172777
46638 |F|DK Drente's Clarissa                 |SBI a   |26-07-2013|(DK)FD LO 215465|31283 |172777
46647 |F|DK Drente's Miss Piggy               |SBI g   |26-07-2013|(DK)FD LO 215464|31283 |172777
47796 |F|DK Dyhrbergs Dollargirl Maybelline   |SBI h 21|23-04-2013|(DK)FD LO 214483|166873|61977 
47797 |M|DK Dyhrbergs Max Factor              |SBI n   |23-04-2013|(DK)FD LO 214482|166873|61977 
48680 |F|DK Elmehøj Afroditte                 |SBI b   |12-06-2013|(DK)FD LO 215525|105762|48695 
48681 |F|DK Elmehøj Alberthe                  |SBI n 21|12-06-2013|(DK)FD LO 215522|105762|48695 
48682 |F|DK Elmehøj Anastasia                 |SBI n   |12-06-2013|(DK)FD LO 215524|105762|48695 
48683 |F|DK Elmehøj Annabelle                 |SBI a   |12-06-2013|(DK)FD LO 215523|105762|48695 
49908 |M|DK Eventyrkatten Figaro              |SBI c   |12-05-2013|(DK)FD LO 214323|46654 |49900 
49909 |M|DK Eventyrkatten Findus              |SBI c   |12-05-2013|(DK)FD LO 214322|46654 |49900 
49910 |F|DK Eventyrkatten Fiona               |SBI f   |12-05-2013|(DK)FD LO 214325|46654 |49900 
49911 |M|DK Eventyrkatten Futte               |SBI a   |12-05-2013|(DK)FD LO 214324|46654 |49900 
49912 |F|DK Eventyrkatten Gina                |SBI f   |18-05-2013|(DK)FD LO 214327|46654 |90533 
49913 |M|DK Eventyrkatten Gizmo               |SBI d   |18-05-2013|(DK)FD LO 214326|46654 |90533 
49914 |F|DK Eventyrkatten Gwen                |SBI h   |18-05-2013|(DK)FD LO 214328|46654 |90533 
49915 |F|DK Eventyrkatten Happy               |SBI h   |25-05-2013|(DK)FD LO 214321|46654 |49905 
49916 |F|DK Eventyrkatten Hera                |SBI h   |25-05-2013|(DK)FD LO 214320|46654 |49905 
49917 |M|DK Eventyrkatten Herkules            |SBI n   |25-05-2013|(DK)FD LO 214318|46654 |49905 
49918 |F|DK Eventyrkatten Hermione            |SBI j   |25-05-2013|(DK)FD LO 214319|46654 |49905 
50368 |M|DK Family's Benjamin                 |SBI n   |21-04-2013|(DK)FD LO 213752|50635 |50478 
50374 |M|DK Family's Bernhard                 |SBI n   |21-04-2013|(DK)FD LO 213753|50635 |50478 
50395 |F|DK Family's Børste                   |SBI n   |21-04-2013|(DK)FD LO 213754|50635 |50478 
50590 |M|DK Family's Qualitet                 |SBI c 21|21-06-2013|(DK)FD RX 214656|186951|186984
50592 |M|DK Family's Quick Step               |SBI n   |21-06-2013|(DK)FD RX 214655|186951|186984
50595 |F|DK Family's Ribena                   |SBI a 21|08-07-2013|(DK)FD RX 214904|186951|50524 
50597 |F|DK Family's Rosita                   |SBI b   |08-07-2013|(DK)FD RX 214903|186951|50524 
50598 |M|DK Family's Ruddi                    |SBI a 21|08-07-2013|(DK)FD RX 214901|186951|50524 
50600 |M|DK Family's Rumle                    |SBI a   |08-07-2013|(DK)FD RX 214902|186951|50524 
50626 |M|DK Family's Skipper                  |SBI n   |30-09-2013|(DK)FD RX 215799|186951|50478 
50634 |F|DK Family's Sofia                    |SBI n   |30-09-2013|(DK)FD RX 215800|186951|50478 
50636 |F|DK Family's Sonja                    |SBI n 21|30-09-2013|(DK)FD LO 215801|186951|50478 
51316 |F|DK Felis Exquisite Lolita Lovemessage|SBI h   |01-05-2013|(DK)FD LO 214167|166873|51294 
51317 |M|DK Felis Exquisite Lovable Lightlover|SBI b 21|01-05-2013|(DK)FD LO 214166|166873|51294 
51318 |F|DK Felis Exquisite Lucy Lovelight    |SBI h   |01-05-2013|(DK)FD LO 214168|166873|51294 
51685 |M|DK Filihankats Durrdana              |SBI b   |06-09-2013|(DK)FD LO 215813|51711 |118921
52789 |F|DK Fluffy Kitty Ghanette             |SBI a   |26-05-2013|(DK)FD LO 214261|8498  |82635 
52790 |M|DK Fluffy Kitty Victor               |SBI b   |26-05-2013|(DK)FD LO 214260|8498  |82635 
54760 |M|DK Gerickes Alfred                   |SBI b   |24-02-2013|(DK)FD LO 213632|39628 |110744
54761 |F|DK Gerickes Anemone                  |SBI a 21|24-02-2013|(DK)FD LO 213630|39628 |110744
54762 |M|DK Gerickes Anton                    |SBI a 21|24-02-2013|(DK)FD LO 213631|39628 |110744
54763 |M|DK Gerickes Asterix                  |SBI c 21|24-02-2013|(DK)FD LO 213629|39628 |110744
55110 |M|DK Gimsteinn's Don Diego             |SBI a   |10-04-2013|(DK)FD LO 213646|19916 |55108 
55111 |F|DK Gimsteinn's Donatella             |SBI a   |10-04-2013|(DK)FD LO 213647|19916 |55108 
55112 |F|DK Gimsteinn's Duchess               |SBI n   |10-04-2013|(DK)FD LO 213648|19916 |55108 
57632 |M|DK Harmony's Bølle Bob               |SBI a   |26-04-2013|(DK)FD LO 213864|173529|142369
57641 |M|DK Harmony's Filimus                 |SBI b   |26-04-2013|(DK)FD LO 213865|173529|142369
57699 |F|DK Harmony's Sørøver Sally           |SBI a 21|26-04-2013|(DK)FD LO 213866|173529|142369
60928 |M|DK Isis White Star's Jackson         |SBI n   |01-02-2013|(DK)FD LO 212779|19916 |88046 
60929 |F|DK Isis White Star's Kasiia          |SBI n   |18-08-2013|(DK)FD RX 215598|186952|60927 
60930 |M|DK Isis White Star's Kato            |SBI b   |18-08-2013|(DK)FD RX 215597|186952|60927 
60931 |F|DK Isis White Star's KissMe          |SBI n   |18-08-2013|(DK)FD RX 215599|186952|60927 
60932 |M|DK Isis White Star's Thor            |SBI a   |01-02-2013|(DK)FD LO 212780|19916 |88046 
61857 |M|DK Jente's Elton Rhadi               |SBI a 21|09-04-2013|(DK)FD LO 214154|115847|165687
61860 |F|DK Jente's Emily Rhadi               |SBI c 21|09-04-2013|(DK)FD LO 214156|115847|165687
61868 |F|DK Jente's Etta Rhadi                |SBI n 21|09-04-2013|(DK)FD LO 214155|115847|165687
61869 |M|DK Jente's Ezra Rhadi                |SBI a 21|09-04-2013|(DK)FD LO 214153|115847|165687
61905 |M|DK Jente's Hjalte Theda              |SBI a 21|24-05-2013|(DK)FD LO 214136|61840 |62072 
62427 |M|DK Jorundal's Hannibal               |SBI a   |26-01-2013|(DK)FD LO 212896|19916 |189341
62428 |M|DK Jorundal's Idon                   |SBI a 21|05-07-2013|(DK)FD LO 214829|99426 |62411 
62429 |F|DK Jorundal's Ina                    |SBI n   |05-07-2013|(DK)FD LO 214832|99426 |62411 
62430 |F|DK Jorundal's Isabella               |SBI a   |05-07-2013|(DK)FD LO 214830|99426 |62411 
62431 |F|DK Jorundal's Isolde                 |SBI n   |05-07-2013|(DK)FD LO 214831|99426 |62411 
62432 |M|DK Jorundal's Jalthe                 |SBI c   |05-07-2013|(DK)FD LO 214825|99426 |62414 
62433 |M|DK Jorundal's Jasper                 |SBI c   |05-07-2013|(DK)FD LO 214824|99426 |62414 
64666 |F|DK Kernehuset's Chilli Muffin        |SBI n   |17-03-2013|(DK)FD LO 213503|91240 |100080
64669 |M|DK Kernehuset's Gandhi               |SBI n   |17-03-2013|(DK)FD LO 213502|91240 |100080
64680 |M|DK Kernehuset's Sofus                |SBI n   |17-03-2013|(DK)FD LO 213501|91240 |100080
65092 |F|DK Khin-Mya's Duddi                  |SBI b   |26-04-2013|(DK)FD LO 215362|87249 |85281 
65118 |F|DK Khin-Mya's Maggi                  |SBI b   |26-04-2013|(DK)FD LO 215361|87249 |85281 
66663 |F|DK Kiss-Bear's Hartbreaker Family's  |SBI a   |05-06-2013|(DK)FD RX 214543|72210 |174686
66664 |F|DK Kiss-Bear's Hawaii                |SBI a   |05-06-2013|(DK)FD RX 214542|72210 |174686
66665 |F|DK Kiss-Bear's Hortensia             |SBI a   |05-06-2013|(DK)FD RX 214544|72210 |174686
67416 |M|DK Klokkevej Chiko                   |SBI c   |16-02-2013|(DK)FD LO 213758|91243 |30614 
67418 |F|DK Klokkevej Fie                     |SBI c   |16-02-2013|(DK)FD LO 213756|91243 |30614 
67419 |F|DK Klokkevej Marie                   |SBI c   |16-02-2013|(DK)FD LO 213757|91243 |30614 
67420 |M|DK Klokkevej Ming                    |SBI c   |16-02-2013|(DK)FD LO 213755|91243 |30614 
71848 |F|DK Liborius Havanna                  |SBI a   |31-05-2013|(DK)FD LO 215064|76905 |71852 
71849 |F|DK Liborius Holly                    |SBI n   |31-05-2013|(DK)FD LO 215067|76905 |71852 
71850 |F|DK Liborius Honey                    |SBI n   |31-05-2013|(DK)FD LO 215065|76905 |71852 
71851 |F|DK Liborius Honey Diva               |SBI n   |31-05-2013|(DK)FD LO 215066|76905 |71852 
71870 |M|DK Liborius's Fjong                  |SBI n   |31-03-2013|(DK)FD LO 214050|76905 |87590 
71871 |M|DK Liborius's Fut                    |SBI n   |31-03-2013|(DK)FD LO 214051|76905 |87590 
71872 |M|DK Liborius's Gorm                   |SBI n   |17-05-2013|(DK)FD LO 214750|39741 |71857 
71967 |M|DK Licarini's Fat boy                |SBI c   |18-02-2013|(DK)FD LO 212994|115847|86476 
71968 |F|DK Licarini's Fenya                  |SBI c 21|18-02-2013|(DK)FD LO 212992|115847|86476 
71969 |M|DK Licarini's Freestyle              |SBI a 21|18-02-2013|(DK)FD LO 212993|115847|86476 
71970 |F|DK Licarini's Garcia                 |SBI a   |11-03-2013|(DK)FD LO 213425|39770 |71955 
71971 |M|DK Licarini's Georg                  |SBI a   |11-03-2013|(DK)FD LO 213424|39770 |71955 
71972 |F|DK Licarini's Gina                   |SBI n   |11-03-2013|(DK)FD LO 213427|39770 |71955 
71973 |F|DK Licarini's Grace                  |SBI n   |11-03-2013|(DK)FD LO 213426|39770 |71955 
71974 |M|DK Licarini's Hannibal               |SBI n   |21-03-2013|(DK)FD LO 213240|39770 |86434 
71975 |M|DK Licarini's Herbie                 |SBI n   |21-03-2013|(DK)FD LO 213241|39770 |86434 
71976 |F|DK Licarini's Honey Moon             |SBI n   |21-03-2013|(DK)FD LO 213242|39770 |86434 
71977 |M|DK Licarini's Ibber                  |SBI a   |23-06-2013|(DK)FD LO 214762|71964 |86476 
71978 |M|DK Licarini's Ingolf                 |SBI n   |23-06-2013|(DK)FD LO 214760|71964 |86476 
71979 |M|DK Licarini's Ivan                   |SBI n   |23-06-2013|(DK)FD LO 214761|71964 |86476 
71980 |F|DK Licarini's Izabell                |SBI a   |23-06-2013|(DK)FD LO 214763|71964 |86476 
71981 |F|DK Licarini's Joelene                |SBI n   |20-07-2013|(DK)FD LO 215079|71964 |71962 
71982 |M|DK Licarini's Joey                   |SBI a   |20-07-2013|(DK)FD LO 215078|71964 |71962 
71983 |F|DK Licarini's Josephine              |SBI a   |20-07-2013|(DK)FD LO 215081|71964 |71962 
71984 |F|DK Licarini's Josie                  |SBI n   |20-07-2013|(DK)FD LO 215080|71964 |71962 
71985 |M|DK Licarini's Kaoz                   |SBI a   |22-07-2013|(DK)FD LO 215074|71964 |86434 
71986 |M|DK Licarini's Kato                   |SBI a   |22-07-2013|(DK)FD LO 215075|71964 |86434 
71987 |F|DK Licarini's Kenya                  |SBI n   |22-07-2013|(DK)FD LO 215077|71964 |86434 
71988 |F|DK Licarini's Kylie                  |SBI a   |22-07-2013|(DK)FD LO 215076|71964 |86434 
72514 |M|DK Lindow's Yes I M Yummy            |SBI c   |17-06-2013|(DK)FD LO 214448|92715 |45443 
72515 |M|DK Lindow's YumYum                   |SBI b   |17-06-2013|(DK)FD LO 214449|92715 |45443 
72516 |M|DK Lindow's Zulu Zaire               |SBI n   |22-06-2013|(DK)FD LO 214738|156080|72512 
72517 |M|DK Lindow's ZumZum                   |SBI a   |22-06-2013|(DK)FD LO 214739|156080|72512 
73248 |M|DK Lots of Love, Elmo                |SBI a   |06-06-2013|(DK)FD LO 214161|115847|73238 
73249 |M|DK Lots of Love, emilio              |SBI a 21|06-06-2013|(DK)FD LO 214163|115847|73238 
73250 |F|DK Lots of Love, Emira               |SBI a   |06-06-2013|(DK)FD LO 214165|115847|73238 
73251 |M|DK Lots of Love, emmett              |SBI a 21|06-06-2013|(DK)FD LO 214162|115847|73238 
73252 |M|DK Lots of Love, Enzo                |SBI a   |06-06-2013|(DK)FD LO 214160|115847|73238 
76122 |F|DK Malric Dafina                     |SBI a   |21-06-2013|(DK)FD LO 214975|19916 |66647 
76123 |M|DK Malric Darwin                     |SBI a   |21-06-2013|(DK)FD LO 214973|19916 |66647 
76124 |M|DK Malric Django                     |SBI a   |21-06-2013|(DK)FD LO 214974|19916 |66647 
77945 |F|DK Meliho Coco Chanel                |SBI n 21|08-04-2013|(DK)FD LO 214037|39628 |110752
77946 |F|DK Meliho Issey Miyake               |SBI f   |08-04-2013|(DK)FD LO 214038|39628 |110752
78040 |M|DK Mersercat's Akira                 |SBI b   |17-07-2013|(DK)FD LO 214951|105762|78059 
78044 |F|DK Mersercat's Arabella              |SBI b   |17-07-2013|(DK)FD LO 214952|105762|78059 
78047 |M|DK Mersercat's Balou                 |SBI a   |20-07-2013|(DK)FD LO 214956|87301 |39096 
78048 |M|DK Mersercat's Baltazar              |SBI n   |20-07-2013|(DK)FD LO 214954|87301 |39096 
78049 |M|DK Mersercat's Bambus                |SBI a   |20-07-2013|(DK)FD LO 214955|87301 |39096 
78050 |F|DK Mersercat's Beauty                |SBI c   |20-07-2013|(DK)FD LO 214953|87301 |39096 
78052 |F|DK Mersercat's Cassie                |SBI a   |05-08-2013|(DK)FD LO 215227|87301 |78062 
78053 |F|DK Mersercat's Celine                |SBI a   |05-08-2013|(DK)FD LO 215228|87301 |78062 
80210 |M|DK Miss Ascha's Chester              |SBI a 21|22-06-2013|(DK)FD LO 214776|39741 |80205 
81089 |M|DK Mizz La Fon Elmo                  |SBI n   |25-04-2013|(DK)FD LO 214377|72418 |81085 
81090 |M|DK Mizz La Fon Enzo                  |SBI n   |25-04-2013|(DK)FD LO 214378|72418 |81085 
81091 |F|DK Mizz La Fon Ezia                  |SBI n 21|25-04-2013|(DK)FD LO 214376|72418 |81085 
81206 |F|DK Mon Chéri Ela's Perle             |SBI n 21|19-02-2013|(DK)FD LO 213155|39741 |72657 
81207 |M|DK Mon Chéri Ela's Peyton Pyrus      |SBI n   |19-02-2013|(DK)FD LO 213154|39741 |72657 
81208 |F|DK Mon Chéri Ela's Pixie             |SBI n 21|19-02-2013|(DK)FD LO 213156|39741 |72657 
81209 |F|DK Mon Chéri Ela's Pusle             |SBI n 21|19-02-2013|(DK)FD LO 213157|39741 |72657 
81210 |F|DK Mon Chéri Ela's Queeny            |SBI n   |27-03-2013|(DK)FD LO 213400|39741 |39771 
81211 |M|DK Mon Chéri Ela's Quincy            |SBI n   |27-03-2013|(DK)FD LO 213398|39741 |39771 
81212 |F|DK Mon Chéri Ela's Quintessa         |SBI n   |27-03-2013|(DK)FD LO 213399|39741 |39771 
81213 |M|DK Mon Chéri Ela's Ricco             |SBI n   |04-05-2013|(DK)FD LO 213401|39741 |81168 
81214 |F|DK Mon Chéri Ela's Rihanna           |SBI n   |04-05-2013|(DK)FD LO 213404|39741 |81168 
81215 |F|DK Mon Chéri Ela's Rikki             |SBI n   |04-05-2013|(DK)FD LO 213403|39741 |81168 
81216 |F|DK Mon Chéri Ela's Rosita            |SBI n   |04-05-2013|(DK)FD LO 213402|39741 |81168 
81217 |F|DK Mon Chéri Ela's Scarlet           |SBI n 21|04-07-2013|(DK)FD LO 214777|39741 |72657 
81218 |M|DK Mon Chéri Ela's Shaggy            |SBI n 21|04-07-2013|(DK)FD LO 214780|39741 |72657 
81219 |M|DK Mon Chéri Ela's Silas             |SBI n   |04-07-2013|(DK)FD LO 214778|39741 |72657 
81220 |M|DK Mon Chéri Ela's Simba             |SBI n 21|04-07-2013|(DK)FD LO 214782|39741 |72657 
81223 |M|DK Mon Chéri Ela's Slambert          |SBI n 21|04-07-2013|(DK)FD LO 214781|39741 |72657 
81224 |M|DK Mon Chéri Ela's Speedy            |SBI n   |04-07-2013|(DK)FD LO 214779|39741 |72657 
83691 |M|DK Nappa's Balou                     |SBI b   |01-04-2013|(DK)FD LO 215449|72418 |66652 
83692 |F|DK Nappa's Bella                     |SBI b   |01-04-2013|(DK)FD LO 215450|72418 |66652 
83693 |F|DK Nappa's Bentley                   |SBI b   |01-04-2013|(DK)FD LO 215451|72418 |66652 
84771 |F|DK Nicojama's Jackie Yoko            |SBI n   |04-03-2013|(DK)FD LO 213296|112830|112926
84772 |M|DK Nicojama's Jerry Coco             |SBI b   |04-03-2013|(DK)FD LO 213297|112830|112926
84777 |F|DK Nicojama's Kallie                 |SBI n   |06-03-2013|(DK)FD LO 213298|112830|46314 
84778 |M|DK Nicojama's Kato                   |SBI a   |06-03-2013|(DK)FD LO 213299|112830|46314 
84779 |M|DK Nicojama's Kenzo                  |SBI n   |06-03-2013|(DK)FD LO 213300|112830|46314 
84786 |F|DK Nicojama's Leyla                  |SBI n   |12-03-2013|(DK)FD LO 213293|112830|168211
84788 |F|DK Nicojama's Lince                  |SBI n   |12-03-2013|(DK)FD LO 213294|112830|168211
84789 |M|DK Nicojama's Ludivg                 |SBI b   |12-03-2013|(DK)FD LO 213295|112830|168211
84790 |F|DK Nicojama's MaGic Madonna Mille    |SBI b   |05-06-2013|(DK)FD LO 214498|170797|84740 
84791 |M|DK Nicojama's MaGic Mickey           |SBI a   |05-06-2013|(DK)FD LO 214497|170797|84740 
84792 |M|DK Nicojama's MaGic Miko             |SBI n   |05-06-2013|(DK)FD LO 214495|170797|84740 
84793 |M|DK Nicojama's MaGic Milo             |SBI n   |05-06-2013|(DK)FD LO 214496|170797|84740 
85323 |M|DK Nine Bells Tic Tac                |SBI b   |27-03-2013|(DK)FD RX 213267|87249 |114125
86201 |M|DK Northved's Beautiful Barracuda    |SBI e 21|13-03-2013|(DK)FD LO 213653|99426 |73773 
86202 |F|DK Northved's Beautiful Be My Baby   |SBI g   |13-03-2013|(DK)FD LO 213656|99426 |73773 
86203 |M|DK Northved's Beautiful Bentley      |SBI e   |13-03-2013|(DK)FD LO 213654|99426 |73773 
86204 |F|DK Northved's Beautiful Bluebelle    |SBI g   |13-03-2013|(DK)FD LO 213655|99426 |73773 
86205 |F|DK Northved's Charming Catalina      |SBI a   |05-06-2013|(DK)FD LO 214692|99426 |26680 
86206 |M|DK Northved's Charming Chaos         |SBI a 21|05-06-2013|(DK)FD LO 214691|99426 |26680 
86207 |F|DK Northved's Charming Charisma      |SBI a 21|05-06-2013|(DK)FD LO 214694|99426 |26680 
86208 |F|DK Northved's Charming Chloé         |SBI a 21|05-06-2013|(DK)FD LO 214693|99426 |26680 
86209 |F|DK Northved's Delighted Daphne       |SBI n   |05-07-2013|(DK)FD LO 214989|101895|29304 
86210 |F|DK Northved's Delighted Destiny      |SBI a 21|05-07-2013|(DK)FD LO 214988|101895|29304 
86211 |M|DK Northved's Delighted DiNozzo      |SBI a 21|05-07-2013|(DK)FD LO 214987|101895|29304 
86496 |F|DK Nuggicats Amina                   |SBI c   |14-07-2013|(DK)FD LO 215258|172147|122697
86497 |M|DK Nuggicats Apollon                 |SBI c   |14-07-2013|(DK)FD LO 215256|172147|122697
86498 |F|DK Nuggicats Artemis                 |SBI c 21|14-07-2013|(DK)FD LO 215259|172147|122697
86499 |M|DK Nuggicats Atlas                   |SBI c   |14-07-2013|(DK)FD LO 215257|172147|122697
87136 |F|DK Oddenvejen's A Bed of Roses       |SBI b   |23-02-2013|(DK)FD LO 213127|8391  |87250 
87138 |F|DK Oddenvejen's Adele Angel of Dawn  |SBI a   |23-02-2013|(DK)FD LO 213126|8391  |87250 
87147 |M|DK Oddenvejen's Angel Eyes           |SBI n   |23-02-2013|(DK)FD LO 213123|8391  |87250 
87148 |F|DK Oddenvejen's Angel in Disguise    |SBI c   |23-02-2013|(DK)FD LO 213125|8391  |87250 
87149 |M|DK Oddenvejen's Archie               |SBI b   |23-02-2013|(DK)FD LO 213124|8391  |87250 
87157 |F|DK Oddenvejen's Bel Air              |SBI a   |30-03-2013|(DK)FD LO 213476|8391  |87245 
87158 |M|DK Oddenvejen's Beluchi              |SBI a   |30-03-2013|(DK)FD LO 213475|8391  |87245 
87161 |M|DK Oddenvejen's Blackjack            |SBI n 21|30-03-2013|(DK)FD LO 213474|8391  |87245 
87162 |F|DK Oddenvejen's Boston Bijou         |SBI a   |30-03-2013|(DK)FD LO 213477|8391  |87245 
87165 |M|DK Oddenvejen's Carlos               |SBI a 21|02-04-2013|(DK)FD LO 213480|8391  |8539  
87168 |M|DK Oddenvejen's Cavin                |SBI e   |02-04-2013|(DK)FD LO 213479|8391  |8539  
87169 |F|DK Oddenvejen's Celeste              |SBI a   |02-04-2013|(DK)FD LO 213483|8391  |8539  
87176 |M|DK Oddenvejen's Clive                |SBI d   |02-04-2013|(DK)FD LO 213478|8391  |8539  
87177 |F|DK Oddenvejen's Corinne              |SBI a 21|02-04-2013|(DK)FD LO 213481|8391  |8539  
87178 |F|DK Oddenvejen's Cosette              |SBI j 21|02-04-2013|(DK)FD LO 213482|8391  |8539  
87182 |M|DK Oddenvejen's Dee Jay              |SBI b 21|19-05-2013|(DK)FD LO 214095|8391  |8433  
87187 |F|DK Oddenvejen's East of Eden         |SBI g   |10-07-2013|(DK)FD LO 214867|8465  |8504  
87188 |F|DK Oddenvejen's Eclair Noir          |SBI f   |10-07-2013|(DK)FD LO 214868|8465  |8504  
87189 |M|DK Oddenvejen's Eddie                |SBI e   |10-07-2013|(DK)FD LO 214866|8465  |8504  
87190 |M|DK Oddenvejen's Emerson              |SBI e   |10-07-2013|(DK)FD LO 214865|8465  |8504  
87191 |M|DK Oddenvejen's Emil                 |SBI e   |10-07-2013|(DK)FD LO 214864|8465  |8504  
87194 |M|DK Oddenvejen's Fair Trade           |SBI c 21|01-09-2013|(DK)FD LO 215633|8465  |8539  
87195 |F|DK Oddenvejen's Fairy Tale           |SBI a   |01-09-2013|(DK)FD LO 215634|8465  |8539  
87197 |F|DK Oddenvejen's Fancy Fashion        |SBI j   |01-09-2013|(DK)FD LO 215636|8465  |8539  
87202 |F|DK Oddenvejen's Fly Me To The Moon   |SBI j 21|01-09-2013|(DK)FD LO 215637|8465  |8539  
87205 |F|DK Oddenvejen's French Kiss          |SBI j   |01-09-2013|(DK)FD LO 215635|8465  |8539  
87409 |F|DK Ohlsson Paljett                   |SBI g   |21-04-2013|(DK)FD RX 213643|72210 |8495  
87412 |M|DK Ohlsson Pascal                    |SBI e   |21-04-2013|(DK)FD RX 213644|72210 |8495  
87413 |M|DK Ohlsson Pasteur                   |SBI e   |21-04-2013|(DK)FD RX 213645|72210 |8495  
87582 |M|DK Okinea's Elias Manny              |SBI n 21|05-04-2013|(DK)FD LO 213861|87249 |65102 
87583 |F|DK Okinea's Elinor Line              |SBI b 21|05-04-2013|(DK)FD LO 213863|87249 |65102 
87584 |M|DK Okinea's Elton John               |SBI n 21|05-04-2013|(DK)FD LO 213860|87249 |65102 
87585 |F|DK Okinea's Emma Rose                |SBI n 21|05-04-2013|(DK)FD LO 213862|87249 |65102 
87586 |F|DK Okinea's Fiona                    |SBI j 21|06-06-2013|(DK)FD LO 215068|87249 |51309 
88267 |M|DK Paeonia's Class Carsimi           |SBI b   |29-03-2013|(DK)FD LO 213942|39611 |104625
88296 |M|DK Paja's Harrison                   |SBI a   |20-02-2013|(DK)FD LO 213271|39770 |88354 
88299 |M|DK Paja's Hontikki                   |SBI n   |20-02-2013|(DK)FD LO 213270|39770 |88354 
88303 |M|DK Paja's ino                        |SBI a   |04-03-2013|(DK)FD LO 213268|39770 |92712 
88304 |F|DK Paja's Issa                       |SBI n   |04-03-2013|(DK)FD LO 213269|39770 |92712 
88305 |F|DK Paja's Jade                       |SBI n   |25-07-2013|(DK)FD LO 215480|39770 |92712 
88306 |M|DK Paja's Jasper                     |SBI n   |25-07-2013|(DK)FD LO 215477|39770 |92712 
88308 |F|DK Paja's Jolene Ella                |SBI n   |25-07-2013|(DK)FD LO 215479|39770 |92712 
88310 |M|DK Paja's Justin                     |SBI n   |25-07-2013|(DK)FD LO 215478|39770 |92712 
91450 |F|DK Precious Whites Agent Malibou     |SBI n   |08-05-2013|(DK)FD LO 214158|91243 |178681
91451 |F|DK Precious Whites Angel Wings       |SBI b   |08-05-2013|(DK)FD LO 214159|91243 |178681
91452 |M|DK Precious Whites Anton             |SBI n   |08-05-2013|(DK)FD LO 214157|91243 |178681
91940 |M|DK Præstø's Cat Hannibal             |SBI d 21|31-03-2013|(DK)FD LO 213535|91938 |172300
91946 |F|DK Præstø's Cat Olivia               |SBI f 21|31-03-2013|(DK)FD LO 213536|91938 |172300
92265 |M|DK Quanti's Jackson Galaxy           |SBI n   |25-04-2013|(DK)FD LO 213627|19916 |167464
92266 |M|DK Quanti's Junior                   |SBI a   |25-04-2013|(DK)FD LO 213628|19916 |167464
92724 |M|DK Raja's Panda                      |SBI n   |27-04-2013|(DK)FD LO 213915|87266 |92687 
92725 |M|DK Raja's Pelle                      |SBI b 21|27-04-2013|(DK)FD LO 213917|87266 |92687 
92726 |M|DK Raja's Phillippe                  |SBI c 21|27-04-2013|(DK)FD LO 213916|87266 |92687 
92727 |M|DK Raja's Porthos                    |SBI b 21|27-04-2013|(DK)FD LO 213918|87266 |92687 
92728 |F|DK Raja's Quai                       |SBI a 21|29-06-2013|(DK)FD LO 214871|87266 |79927 
92729 |F|DK Raja's Quala                      |SBI a 21|29-06-2013|(DK)FD LO 214870|87266 |79927 
92730 |F|DK Raja's Quija                      |SBI c   |29-06-2013|(DK)FD LO 214869|87266 |79927 
92731 |M|DK Raja's Rocco                      |SBI e   |02-08-2013|(DK)FD LO 215183|87266 |92691 
92732 |M|DK Raja's Romeo                      |SBI b   |02-08-2013|(DK)FD LO 215182|87266 |92691 
92733 |F|DK Raja's Ronja                      |SBI b   |02-08-2013|(DK)FD LO 215185|87266 |92691 
92734 |F|DK Raja's Roxy                       |SBI c   |02-08-2013|(DK)FD LO 215184|87266 |92691 
93674 |M|DK Rikan Adam                        |SBI b   |12-07-2013|(DK)FD LO 215760|17506 |87305 
93675 |F|DK Rikan Aja                         |SBI h   |12-07-2013|(DK)FD LO 215762|17506 |87305 
93676 |M|DK Rikan Alf shorti                  |SBI b   |12-07-2013|(DK)FD LO 215761|17506 |87305 
93677 |F|DK Rikan Angel                       |SBI b 21|12-07-2013|(DK)FD LO 215763|17506 |87305 
94349 |F|DK Rokakitho's Jade                  |SBI n   |17-06-2013|(DK)FD LO 214766|115847|94327 
94350 |M|DK Rokakitho's Jaguar                |SBI b 21|17-06-2013|(DK)FD LO 214764|115847|94327 
94351 |F|DK Rokakitho's Jean                  |SBI n 21|17-06-2013|(DK)FD LO 214767|115847|94327 
94352 |M|DK Rokakitho's Jumba                 |SBI b   |17-06-2013|(DK)FD LO 214765|115847|94327 
94353 |F|DK Rokakitho's Kassandra             |SBI a   |24-06-2013|(DK)FD LO 214773|112830|94344 
94354 |F|DK Rokakitho's Kiara                 |SBI n 21|24-06-2013|(DK)FD LO 214775|112830|94344 
94355 |F|DK Rokakitho's Kimberly              |SBI a   |24-06-2013|(DK)FD LO 214774|112830|94344 
94356 |M|DK Rokakitho's Kaa                   |SBI n   |24-06-2013|(DK)FD LO 214772|112830|94344 
95317 |M|DK Sabatini's Napoli                 |SBI b   |06-05-2013|(DK)FD LO 214031|8459  |95306 
95318 |M|DK Sabatini's Nino Keeanu            |SBI b   |06-05-2013|(DK)FD LO 214030|8459  |95306 
95319 |M|DK Sabatini's Nuuk                   |SBI n   |06-05-2013|(DK)FD LO 214032|8459  |95306 
95320 |F|DK Sabatini's Oil of Jojoba          |SBI a   |17-07-2013|(DK)FD LO 214958|8459  |98931 
95321 |F|DK Sabatini's Oil of Mango           |SBI b   |17-07-2013|(DK)FD LO 214960|8459  |98931 
95322 |F|DK Sabatini's Oil of Papaya          |SBI n   |17-07-2013|(DK)FD LO 214957|8459  |98931 
95323 |F|DK Sabatini's Oil of Peach           |SBI h   |17-07-2013|(DK)FD LO 214959|8459  |98931 
96369 |F|DK Sandgravens Coco                  |SBI a 21|03-08-2013|(DK)FD LO 215917|83107 |96367 
96370 |M|DK Sandgravens Cosmo                 |SBI a 21|03-08-2013|(DK)FD LO 215916|83107 |96367 
96924 |F|DK Saurto's Callie                   |SBI c   |29-04-2013|(DK)FD LO 213770|62063 |100088
96929 |F|DK Saurto's Cleo                     |SBI b   |29-04-2013|(DK)FD LO 213771|62063 |100088
96961 |M|DK Saurto's Lukas                    |SBI c   |29-04-2013|(DK)FD LO 213769|62063 |100088
97411 |M|DK Schrøder's Rolex                  |SBI n   |16-05-2013|(DK)FD LO 214833|97354 |97330 
97413 |F|DK Schrøder's Royal Beauti           |SBI n 21|16-05-2013|(DK)FD LO 214834|97354 |97330 
97418 |F|DK Schrøder's Shining Beauti         |SBI n   |17-05-2013|(DK)FD LO 214835|97354 |97378 
97419 |F|DK Schrøder's Shining Princess       |SBI n 21|17-05-2013|(DK)FD LO 214836|97354 |97378 
98100 |M|DK Sekita's Adalen                   |SBI n   |21-03-2013|(DK)FD LO 213456|46691 |81083 
98108 |M|DK Sekita's Deften                   |SBI n   |21-03-2013|(DK)FD LO 213455|46691 |81083 
98113 |F|DK Sekita's Idumea                   |SBI f   |21-03-2013|(DK)FD LO 213457|46691 |81083 
98114 |M|DK Sekita's Jovan                    |SBI d   |15-03-2013|(DK)FD LO 213451|46691 |46705 
98118 |M|DK Sekita's Melion                   |SBI e   |15-03-2013|(DK)FD LO 213454|46691 |46705 
98120 |M|DK Sekita's Nevan                    |SBI d   |15-03-2013|(DK)FD LO 213453|46691 |46705 
98126 |M|DK Sekita's Rehan                    |SBI d   |15-03-2013|(DK)FD LO 213452|46691 |46705 
98130 |F|DK Sekita's Siri                     |SBI j   |21-03-2013|(DK)FD LO 213458|46691 |81083 
98908 |F|DK Shapira's Queen Elizabeth         |SBI f 21|28-06-2013|(DK)FD LO 214971|87265 |87307 
98909 |F|DK Shapira's Queen Victoria          |SBI h 21|28-06-2013|(DK)FD LO 214972|87265 |87307 
98918 |M|DK Shapira's Sherkhan                |SBI d   |07-05-2013|(DK)FD LO 214533|87265 |87292 
98933 |M|DK Shapira's Xabi Alonso             |SBI b 21|04-02-2013|(DK)FD LO 213217|87265 |87307 
98934 |M|DK Shapira's Xavier                  |SBI d   |04-02-2013|(DK)FD LO 213216|87265 |87307 
98935 |M|DK Shapira's Xedemus                 |SBI b 21|04-02-2013|(DK)FD LO 213214|87265 |87307 
98936 |M|DK Shapira's Xedos                   |SBI e   |04-02-2013|(DK)FD LO 213215|87265 |87307 
98937 |F|DK Shapira's Xena                    |SBI n 21|04-02-2013|(DK)FD LO 213218|87265 |87307 
98938 |F|DK Shapira's Yasmin                  |SBI b 21|04-02-2013|(DK)FD LO 213213|87265 |87312 
98939 |M|DK Shapira's Yoda                    |SBI c   |04-02-2013|(DK)FD LO 213210|87265 |87312 
98940 |M|DK Shapira's Yohan                   |SBI b 21|04-02-2013|(DK)FD LO 213212|87265 |87312 
98941 |M|DK Shapira's Yougeen                 |SBI b 21|04-02-2013|(DK)FD LO 213211|87265 |87312 
98942 |F|DK Shapira's Zavannah                |SBI f   |30-04-2013|(DK)FD LO 214382|87265 |98865 
98943 |M|DK Shapira's Zebedaeus               |SBI d   |30-04-2013|(DK)FD LO 214379|87265 |98865 
98944 |F|DK Shapira's Zerina                  |SBI n   |30-04-2013|(DK)FD LO 214381|87265 |98865 
98945 |M|DK Shapira's Zippodemus              |SBI d   |30-04-2013|(DK)FD LO 214380|87265 |98865 
98946 |F|DK Shapira's Zoey                    |SBI f 21|30-04-2013|(DK)FD LO 214383|87265 |98865 
99358 |M|DK Silketotter Casmir                |SBI c   |07-02-2013|(DK)FD LO 212989|62063 |71830 
99359 |M|DK Silketotter Cato Armani           |SBI n   |07-02-2013|(DK)FD LO 212991|62063 |71830 
99360 |M|DK Silketotter Cosmo                 |SBI d   |07-02-2013|(DK)FD LO 212990|62063 |71830 
99407 |F|DK Silky Catz Miss Yasmina Yam Yam   |SBI n 21|27-04-2013|(DK)FD LO 214349|8459  |156741
99408 |F|DK Silky Catz Miss Yasmine Alma      |SBI n   |27-04-2013|(DK)FD LO 214348|8459  |156741
99409 |F|DK Silky Catz Miss Yippe-Ki-Yay      |SBI n 21|27-04-2013|(DK)FD LO 214350|8459  |156741
99410 |F|DK Silky Catz Miss Yummi Yummi       |SBI n 21|27-04-2013|(DK)FD LO 214351|8459  |156741
100012|F|DK Sir & Lady's Lady Phil            |SBI a   |22-02-2013|(DK)FD RX 213249|114118|100066
100019|F|DK Sir & Lady's Phillidelphia        |SBI g 21|22-02-2013|(DK)FD RX 213250|114118|100066
100045|M|DK Sir & Lady's Sir Peter Pan        |SBI a 21|22-02-2013|(DK)FD RX 213247|114118|100066
100046|M|DK Sir & Lady's Sir Pontius          |SBI a   |22-02-2013|(DK)FD RX 213248|114118|100066
102515|M|DK Sommersne's Amazing Aiko          |SBI a   |01-02-2013|(DK)FD LO 212897|101895|114311
102516|M|DK Sommersne's Amazing Akito         |SBI a   |01-02-2013|(DK)FD LO 212898|101895|114311
102517|F|DK Sommersne's Belina                |SBI n 21|08-07-2013|(DK)FD LO 214826|87265 |51836 
102518|M|DK Sommersne's Bubbi                 |SBI b 21|08-07-2013|(DK)FD LO 214827|87265 |51836 
102519|M|DK Sommersne's Bumle                 |SBI b 21|08-07-2013|(DK)FD LO 214828|87265 |51836 
102974|F|DK Spellyst Blue Pearl               |SBI a   |24-04-2013|(DK)FD LO 213909|8498  |137020
102975|M|DK Spellyst Bumble Bee               |SBI a 21|24-04-2013|(DK)FD LO 213907|8498  |137020
102976|F|DK Spellyst Chanti                   |SBI a 21|24-04-2013|(DK)FD LO 213908|8498  |137020
102977|M|DK Spellyst Chivas                   |SBI c   |24-04-2013|(DK)FD LO 213906|8498  |137020
103261|F|DK Starblueeye's Chanel              |SBI c   |04-01-2013|(DK)FD LO 214491|101895|33567 
103262|M|DK Starblueeye's Chino               |SBI c   |15-08-2013|(DK)FD LO 215575|192983|33567 
103263|M|DK Starblueeye's Cody                |SBI n   |15-08-2013|(DK)FD LO 215574|192983|33567 
103264|M|DK Starblueeye's Cosmo               |SBI n   |04-01-2013|(DK)FD LO 214490|101895|33567 
103265|F|DK Starblueeye's Jasmin              |SBI n   |15-08-2013|(DK)FD LO 215573|192983|33567 
103266|M|DK Starblueeye's Lotus               |SBI c   |15-08-2013|(DK)FD LO 215576|192983|33567 
104634|F|DK Suka's Gaby Dida                  |SBI c 21|29-07-2013|(DK)FD LO 215369|61840 |104618
104636|F|DK Suka's Gaya Dida                  |SBI b 21|29-07-2013|(DK)FD LO 215370|61840 |104618
104639|M|DK Suka's Guido Dida                 |SBI n 21|29-07-2013|(DK)FD LO 215368|61840 |104618
105055|M|DK Svanesøen's Alfa Romeo DiBlu      |SBI a   |10-09-2013|(DK)FD LO 215709|105071|172126
105056|F|DK Svanesøen's Asia Rocsta DiBlu     |SBI a   |10-09-2013|(DK)FD LO 215712|105071|172126
105058|M|DK Svanesøen's Aston Martin DiBlu    |SBI a   |10-09-2013|(DK)FD LO 215711|105071|172126
105059|M|DK Svanesøen's Austin Healey DiBlu   |SBI a   |10-09-2013|(DK)FD LO 215710|105071|172126
105080|F|DK Svanesøen's Izabell DiBlu         |SBI a   |13-06-2013|(DK)FD LO 215378|105071|172126
105710|M|DK Søkjær's Eldorado                 |SBI a   |23-02-2013|(DK)FD LO 213189|105762|105697
105712|M|DK Søkjær's Elliott                  |SBI a   |23-02-2013|(DK)FD LO 213190|105762|105697
105714|M|DK Søkjær's Eminent                  |SBI a   |23-02-2013|(DK)FD LO 213188|105762|105697
105715|F|DK Søkjær's Esmaralda                |SBI c   |23-02-2013|(DK)FD LO 213191|105762|105697
105716|M|DK Søkjær's Fabian                   |SBI a   |19-03-2013|(DK)FD LO 213192|178831|105773
105718|M|DK Søkjær's Fernando                 |SBI a   |19-03-2013|(DK)FD LO 213193|178831|105773
105722|M|DK Søkjær's Gino                     |SBI b   |05-08-2013|(DK)FD LO 215144|62063 |105756
105723|M|DK Søkjær's Glenn                    |SBI n   |05-08-2013|(DK)FD LO 215143|62063 |105756
105724|M|DK Søkjær's Gordon                   |SBI c   |05-08-2013|(DK)FD LO 215145|62063 |105756
105812|M|DK Sølverlads Marduk-apla-iddina     |SBI b 21|19-04-2013|(DK)FD LO 213533|171651|105801
105813|F|DK Sølverlads Mittens                |SBI f 21|19-04-2013|(DK)FD LO 213534|171651|105801
105814|M|DK Sølverlads Modig                  |SBI e 21|19-04-2013|(DK)FD LO 213532|171651|105801
105902|M|DK Tahobis Babamboo                  |SBI a   |15-02-2013|(DK)FD LO 213061|87266 |150160
105903|F|DK Tahobis Baluah                    |SBI n   |15-02-2013|(DK)FD LO 213062|87266 |150160
105904|F|DK Tahobis Binisha                   |SBI a   |15-02-2013|(DK)FD LO 213063|87266 |150160
105905|M|DK Tahobis Burnum                    |SBI n   |15-02-2013|(DK)FD LO 213060|87266 |150160
110533|F|DK Twinkelstjerne Delphini           |SBI a   |15-06-2013|(DK)FD LO 214036|23843 |110528
110534|M|DK Twinkelstjerne Dorado             |SBI c   |15-06-2013|(DK)FD LO 214035|23843 |110528
110745|M|DK Tøpkilde Donau                    |SBI a   |14-06-2013|(DK)FD LO 214315|39628 |110746
110750|F|DK Tøpkilde Mississippi              |SBI c   |14-06-2013|(DK)FD LO 214317|39628 |110746
110757|F|DK Tøpkilde Themsen                  |SBI n   |14-06-2013|(DK)FD LO 214316|39628 |110746
113582|M|DK Wainø's Einstein                  |SBI c   |09-07-2013|(DK)FD LO 214752|87249 |176923
113583|F|DK Wainø's Ellie Mae                 |SBI c   |09-07-2013|(DK)FD LO 214751|87249 |176923
113584|M|DK Wainø's Elliott                   |SBI n   |09-07-2013|(DK)FD LO 214753|87249 |176923
113585|F|DK Wainø's Esmaralda                 |SBI b   |09-07-2013|(DK)FD LO 214754|87249 |176923
113586|F|DK Wainø's Feline                    |SBI n 21|29-10-2013|(DK)FD LO 215986|74673 |117850
113587|M|DK Wainø's Felix                     |SBI b   |29-10-2013|(DK)FD LO 215985|74673 |117850
113588|M|DK Wainø's Figaro                    |SBI n 21|29-10-2013|(DK)FD LO 215984|74673 |117850
113597|F|DK Waldina's Calua                   |SBI a 21|15-04-2013|(DK)FD LO 213764|115847|60994 
113598|M|DK Waldina's Carreas                 |SBI a   |15-04-2013|(DK)FD LO 213763|115847|60994 
113599|M|DK Waldina's Cashmir                 |SBI a   |15-04-2013|(DK)FD LO 213761|115847|60994 
113600|M|DK Waldina's Connor                  |SBI a 21|15-04-2013|(DK)FD LO 213760|115847|60994 
113601|F|DK Waldina's Cookie                  |SBI a 21|15-04-2013|(DK)FD LO 213759|115847|60994 
113602|M|DK Waldina's Cooper                  |SBI a 21|15-04-2013|(DK)FD LO 213762|115847|60994 
114170|F|DK Wehnert's Jackie Kennedy          |SBI a 21|13-02-2013|(DK)FD RX 213264|85319 |114160
114171|M|DK Wehnert's Jackie Stewart          |SBI a 21|13-02-2013|(DK)FD RX 213261|85319 |114160
114178|M|DK Wehnert's Jimmie Dean             |SBI c 21|13-02-2013|(DK)FD RX 213262|85319 |114160
114184|F|DK Wehnert's Josephine Baker         |SBI a 21|13-02-2013|(DK)FD RX 213263|85319 |114160
114192|M|DK Wehnert's Kandy Stripe            |SBI n 21|25-02-2013|(DK)FD RX 213258|114364|114302
114194|F|DK Wehnert's Katalina                |SBI n 21|25-02-2013|(DK)FD RX 213259|114364|114302
114201|M|DK Wehnert's Kon Tiki                |SBI a 21|25-02-2013|(DK)FD RX 213260|114364|114302
114209|M|DK Wehnert's Lille Lejf              |SBI c   |04-03-2013|(DK)FD RX 213265|130475|114080
114213|F|DK Wehnert's Lucia                   |SBI c   |04-03-2013|(DK)FD RX 213266|130475|114080
114220|F|DK Wehnert's Magnolia                |SBI c 21|04-03-2013|(DK)FD LO 213255|85319 |114367
114229|F|DK Wehnert's Minerva                 |SBI a 21|04-03-2013|(DK)FD LO 213254|85319 |114367
114238|M|DK Wehnert's Nestor                  |SBI b   |08-03-2013|(DK)FD RX 213256|114364|114346
114240|M|DK Wehnert's Nexus                   |SBI c   |08-03-2013|(DK)FD RX 213257|114364|114346
116262|F|DK X-ray's Andrea                    |SBI a   |18-03-2013|(DK)FD LO 215716|124138|101172
116267|F|DK X-ray's Blaze                     |SBI a   |31-07-2013|(DK)FD LO 215717|124138|101172
116268|F|DK X-ray's Blossom                   |SBI n   |07-08-2013|(DK)FD LO 215715|124138|96973 
116269|M|DK X-ray's Bounty                    |SBI b   |07-08-2013|(DK)FD LO 215714|124138|96973 
116270|M|DK X-ray's Buddy                     |SBI n   |31-07-2013|(DK)FD LO 215718|124138|101172
119992|F|Elsa Sai-Savart                      |SBI n   |21-01-2013|(DK)FD LO 213430|179224|11490 
120624|F|Enya Sai-Savart                      |SBI n   |21-01-2013|(DK)FD LO 213428|179224|11490 
121307|F|Eyka Sai-Savart                      |SBI n   |21-01-2013|(DK)FD LO 213429|179224|11490 
122227|M|Felix 15-13                          |SBI n   |28-03-2013|(DK)FD LO 213712|91240 |64679 
132007|F|Ice blue Queen von Gott DK           |SBI a   |13-06-2013|(DK)FD RX 214549|72210 |39146 
132031|F|Icecreme von Gott DK                 |SBI a   |13-06-2013|(DK)FD RX 214548|72210 |39146 
132053|M|Iceman von Gott DK                   |SBI a   |13-06-2013|(DK)FD RX 214546|72210 |39146 
132776|F|Ingrid von Tasi's DK                 |SBI a 21|05-07-2013|(DK)FD LO 215719|130475|128192
133019|M|Iron man von Gott DK                 |SBI a   |13-06-2013|(DK)FD RX 214547|72210 |39146 
133371|M|Ivanhoe von Gott DK                  |SBI n   |13-06-2013|(DK)FD RX 214545|72210 |39146 
133996|M|Janosch vom Stern Regulus            |SBI b   |28-01-2013|(DK)FD LO 213974|92707 |23161 
169471|M|S*Glitter's Rocky                    |SBI n   |25-01-2013|(DK)FD LO 213348|169474|169363
169472|M|S*Glitter's Rolex                    |SBI n   |25-01-2013|(DK)FD LO 213347|169474|169363
169488|F|S*Glitter's Sunrise                  |SBI n   |01-03-2013|(DK)FD LO 213667|169474|167466
169489|F|S*Glitter's Sunset                   |SBI n 21|01-03-2013|(DK)FD LO 213665|169474|167466
169490|F|S*Glitter's Sunshine                 |SBI n   |01-03-2013|(DK)FD LO 213666|169474|167466
169494|F|S*Glitter's Tara                     |SBI e   |02-03-2013|(DK)FD LO 213604|170573|169351
169495|F|S*Glitter's Tequila                  |SBI e   |02-03-2013|(DK)FD LO 213605|170573|169351
169497|M|S*Glitter's Thunda                   |SBI e   |02-03-2013|(DK)FD LO 213606|170573|169351
169505|M|S*Glitter's Ulricus                  |SBI n   |17-03-2013|(DK)FD LO 214034|169474|2560  
169511|M|S*Glitter's V.I.P.                   |SBI c   |26-03-2013|(DK)FD LO 214374|122515|167465
169516|M|S*Glitter's VITO                     |SBI c   |26-03-2013|(DK)FD LO 214375|122515|167465
169518|F|S*Glitter's Vouge                    |SBI c   |26-03-2013|(DK)FD LO 214373|122515|167465
169522|F|S*Glitter's Wifi                     |SBI f   |12-04-2013|(DK)FD LO 214033|169474|40748 
169532|M|S*Glitter's X-Diego                  |SBI n   |24-05-2013|(DK)FD LO 214731|169474|169524
169534|F|S*Glitter's X-Elsa                   |SBI n   |24-05-2013|(DK)FD LO 214730|169474|169524
169538|F|S*Glitter's X-tasy                   |SBI n   |24-05-2013|(DK)FD LO 214729|169474|169524
169540|M|S*Glitter's Yankee                   |SBI n   |08-07-2013|(DK)FD LO 215894|169529|169363
169543|M|S*Glitter's YOHIO                    |SBI n   |08-07-2013|(DK)FD LO 215893|169529|169363
169545|M|S*Glitter's Yxne                     |SBI n   |08-07-2013|(DK)FD LO 215892|169529|169363
169546|F|S*Glitter's Zahara                   |SBI n   |08-07-2013|(DK)FD LO 215896|122515|169342
169547|M|S*Glitter's Zappa                    |SBI n   |08-07-2013|(DK)FD LO 215897|122515|169342
169549|F|S*Glitter's Zavannah                 |SBI n   |08-07-2013|(DK)FD LO 215895|122515|169342
171036|F|S*Ma'ha Gita Crêpes Suzette          |SBI n 21|18-07-2013|(DK)FD LO 215795|170619|171046
172129|F|S*Raus Höjden's Chiccolina af Raus   |SBI g   |09-04-2013|(DK)FD LO 215274|121258|172121
177676|F|Silke 16-13                          |SBI n   |28-03-2013|(DK)FD LO 213713|91240 |64679 
194006|F|Zofia Medicat, SK                    |SBI c 21|25-02-2013|(DK)FD LO 215044|165287|      
